,Country,Economy (GDP per Capita),Freedom,Generosity,Happiness Rank,Happiness Score,Health (Life Expectancy),Region,Social support,Trust (Government Corruption),Year
0,Switzerland,1.39651,0.66557,0.29678,1,7.587,0.94143,Western Europe,1.34951,0.41978,2015
1,Iceland,1.30232,0.62877,0.4363,2,7.561,0.94784,Western Europe,1.40223,0.14145,2015
2,Denmark,1.32548,0.64938,0.34139,3,7.527,0.87464,Western Europe,1.36058,0.48357,2015
3,Norway,1.459,0.66973,0.34699,4,7.522,0.88521,Western Europe,1.33095,0.36503,2015
4,Canada,1.32629,0.63297,0.45811,5,7.427,0.90563,North America,1.32261,0.32957,2015
5,Finland,1.29025,0.64169,0.23351,6,7.406,0.88911,Western Europe,1.31826,0.41372,2015
6,Netherlands,1.32944,0.61576,0.4761,7,7.378,0.89284,Western Europe,1.28017,0.31814,2015
7,Sweden,1.33171,0.6598,0.36262,8,7.364,0.91087,Western Europe,1.28907,0.43844,2015
8,New Zealand,1.25018,0.63938,0.47501,9,7.286,0.90837,Australia and New Zealand,1.31967,0.42922,2015
9,Australia,1.33358,0.65124,0.43562,10,7.284,0.93156,Australia and New Zealand,1.30923,0.35637,2015
10,Israel,1.22857,0.41319,0.33172,11,7.278,0.91387,Middle East and Northern Africa,1.22393,0.07785,2015
11,Costa Rica,0.95578,0.63376,0.25497,12,7.226,0.86027,Latin America and Caribbean,1.23788,0.10583,2015
12,Austria,1.33723,0.62433,0.33088,13,7.2,0.89042,Western Europe,1.29704,0.18676,2015
13,Mexico,1.02054,0.48181,0.14074,14,7.187,0.81444,Latin America and Caribbean,0.91451,0.21312,2015
14,United States,1.39451,0.54604,0.40105,15,7.119,0.86179,North America,1.24711,0.1589,2015
15,Brazil,0.98124,0.49049,0.14574,16,6.983,0.69702,Latin America and Caribbean,1.23287,0.17521,2015
16,Luxembourg,1.56391,0.61583,0.28034,17,6.946,0.91894,Western Europe,1.21963,0.37798,2015
17,Ireland,1.33596,0.61777,0.45901,18,6.94,0.89533,Western Europe,1.36948,0.28703,2015
18,Belgium,1.30782,0.5845,0.2225,19,6.937,0.89667,Western Europe,1.28566,0.2254,2015
19,United Arab Emirates,1.42727,0.64157,0.26428,20,6.901,0.80925,Middle East and Northern Africa,1.12575,0.38583,2015
20,United Kingdom,1.26637,0.59625,0.51912,21,6.867,0.90943,Western Europe,1.28548,0.32067,2015
21,Oman,1.36011,0.63274,0.21542,22,6.853,0.76276,Middle East and Northern Africa,1.08182,0.32524,2015
22,Venezuela,1.04424,0.42908,0.05841,23,6.81,0.72052,Latin America and Caribbean,1.25596,0.11069,2015
23,Singapore,1.52186,0.54252,0.31105,24,6.798,1.02525,Southeastern Asia,1.02,0.4921,2015
24,Panama,1.06353,0.5421,0.24434,25,6.786,0.79661,Latin America and Caribbean,1.1985,0.0927,2015
25,Germany,1.32792,0.61477,0.28214,26,6.75,0.89186,Western Europe,1.29937,0.21843,2015
26,Chile,1.10715,0.44132,0.33363,27,6.67,0.85857,Latin America and Caribbean,1.12447,0.12869,2015
27,Qatar,1.69042,0.6404,0.32573,28,6.611,0.79733,Middle East and Northern Africa,1.0786,0.52208,2015
28,France,1.27778,0.55011,0.12332,29,6.575,0.94579,Western Europe,1.26038,0.20646,2015
29,Argentina,1.05351,0.44974,0.11451,30,6.574,0.78723,Latin America and Caribbean,1.24823,0.08484,2015
30,Czech Republic,1.17898,0.46364,0.10686,31,6.505,0.84483,Central and Eastern Europe,1.20643,0.02652,2015
31,Uruguay,1.06166,0.60362,0.2324,32,6.485,0.8116,Latin America and Caribbean,1.2089,0.24558,2015
32,Colombia,0.91861,0.53466,0.18401,33,6.477,0.69077,Latin America and Caribbean,1.24018,0.0512,2015
33,Thailand,0.9669,0.55664,0.5763,34,6.455,0.7385,Southeastern Asia,1.26504,0.03187,2015
34,Saudi Arabia,1.39541,0.31048,0.13706,35,6.411,0.72025,Middle East and Northern Africa,1.08393,0.32524,2015
35,Spain,1.23011,0.45951,0.18227,36,6.329,0.95562,Western Europe,1.31379,0.06398,2015
36,Malta,1.2074,0.60365,0.51752,37,6.302,0.88721,Western Europe,1.30203,0.13586,2015
37,Taiwan,1.29098,0.3974,0.25376,38,6.298,0.8753,Eastern Asia,1.07617,0.08129,2015
38,Kuwait,1.55422,0.55499,0.16228,39,6.295,0.72492,Middle East and Northern Africa,1.16594,0.25609,2015
39,Suriname,0.99534,0.59657,0.16991,40,6.269,0.6082,Latin America and Caribbean,0.972,0.13633,2015
40,Trinidad and Tobago,1.21183,0.55884,0.31844,41,6.168,0.61483,Latin America and Caribbean,1.18354,0.0114,2015
41,El Salvador,0.76454,0.4035,0.10692,42,6.13,0.67737,Latin America and Caribbean,1.02507,0.11776,2015
42,Guatemala,0.74553,0.57733,0.27489,43,6.123,0.64425,Latin America and Caribbean,1.04356,0.09472,2015
43,Uzbekistan,0.63244,0.65821,0.22837,44,6.003,0.59772,Central and Eastern Europe,1.34043,0.30826,2015
44,Slovakia,1.16891,0.31751,0.16893,45,5.995,0.78902,Central and Eastern Europe,1.26999,0.03431,2015
45,Japan,1.27074,0.49615,0.10705,46,5.987,0.99111,Eastern Asia,1.25712,0.1806,2015
46,South Korea,1.24461,0.33208,0.18557,47,5.984,0.96538,Eastern Asia,0.95774,0.07857,2015
47,Ecuador,0.86402,0.48574,0.11541,48,5.975,0.79075,Latin America and Caribbean,0.99903,0.1809,2015
48,Bahrain,1.32376,0.45492,0.17362,49,5.96,0.74716,Middle East and Northern Africa,1.21624,0.306,2015
49,Italy,1.25114,0.26236,0.22823,50,5.948,0.95446,Western Europe,1.19777,0.02901,2015
50,Bolivia,0.68133,0.57414,0.20536,51,5.89,0.5392,Latin America and Caribbean,0.97841,0.088,2015
51,Moldova,0.59448,0.32818,0.20951,52,5.889,0.61826,Central and Eastern Europe,1.01528,0.01615,2015
52,Paraguay,0.75985,0.53899,0.3424,53,5.878,0.66098,Latin America and Caribbean,1.30477,0.08242,2015
53,Kazakhstan,1.12254,0.51649,0.11827,54,5.855,0.64368,Central and Eastern Europe,1.12241,0.08454,2015
54,Slovenia,1.18498,0.60855,0.25328,55,5.848,0.87337,Central and Eastern Europe,1.27385,0.03787,2015
55,Lithuania,1.14723,0.21342,0.02641,56,5.833,0.73128,Central and Eastern Europe,1.25745,0.01031,2015
56,Nicaragua,0.59325,0.55475,0.27815,57,5.828,0.74314,Latin America and Caribbean,1.14184,0.19317,2015
57,Peru,0.90019,0.41496,0.14982,58,5.824,0.73017,Latin America and Caribbean,0.97459,0.05989,2015
58,Belarus,1.03192,0.37938,0.11046,59,5.813,0.73608,Central and Eastern Europe,1.23289,0.1909,2015
59,Poland,1.12555,0.53122,0.16759,60,5.791,0.77903,Central and Eastern Europe,1.27948,0.04212,2015
60,Malaysia,1.12486,0.53024,0.33075,61,5.77,0.72394,Southeastern Asia,1.07023,0.10501,2015
61,Croatia,1.08254,0.25883,0.05444,62,5.759,0.78805,Central and Eastern Europe,0.79624,0.0243,2015
62,Libya,1.13145,0.41668,0.18295,63,5.754,0.7038,Middle East and Northern Africa,1.11862,0.11023,2015
63,Russia,1.13764,0.36679,0.00199,64,5.716,0.66926,Central and Eastern Europe,1.23617,0.03005,2015
64,Jamaica,0.81038,0.50442,0.2123,65,5.709,0.68741,Latin America and Caribbean,1.15102,0.02299,2015
65,North Cyprus,1.20806,0.49027,0.26169,66,5.695,0.92356,Western Europe,1.07008,0.1428,2015
66,Cyprus,1.20813,0.40672,0.30638,67,5.689,0.92356,Western Europe,0.89318,0.06146,2015
67,Algeria,0.93929,0.28579,0.07822,68,5.605,0.61766,Middle East and Northern Africa,1.07772,0.17383,2015
68,Kosovo,0.80148,0.24749,0.2831,69,5.589,0.63132,Central and Eastern Europe,0.81198,0.04741,2015
69,Turkmenistan,0.95847,0.4761,0.16979,70,5.548,0.53886,Central and Eastern Europe,1.22668,0.30844,2015
70,Mauritius,1.00761,0.56066,0.37744,71,5.477,0.7095,Sub-Saharan Africa,0.98521,0.07521,2015
71,Hong Kong,1.38604,0.59608,0.39478,72,5.474,1.01328,Eastern Asia,1.05818,0.37124,2015
72,Estonia,1.15174,0.44888,0.0868,73,5.429,0.77361,Central and Eastern Europe,1.22791,0.15184,2015
73,Indonesia,0.82827,0.46611,0.51535,74,5.399,0.63793,Southeastern Asia,1.08708,0.0,2015
74,Vietnam,0.63216,0.59444,0.1686,75,5.36,0.74676,Southeastern Asia,0.91226,0.10441,2015
75,Turkey,1.06098,0.22815,0.12253,76,5.332,0.73172,Middle East and Northern Africa,0.94632,0.15746,2015
76,Kyrgyzstan,0.47428,0.43477,0.3003,77,5.286,0.65088,Central and Eastern Europe,1.15115,0.04232,2015
77,Nigeria,0.65435,0.34334,0.27233,78,5.268,0.16007,Sub-Saharan Africa,0.90432,0.0403,2015
78,Bhutan,0.77042,0.53206,0.47998,79,5.253,0.57407,Southern Asia,1.10395,0.15445,2015
79,Azerbaijan,1.02389,0.3703,0.07799,80,5.212,0.64045,Central and Eastern Europe,0.93793,0.16065,2015
80,Pakistan,0.59543,0.12102,0.33671,81,5.194,0.51466,Southern Asia,0.41411,0.10464,2015
81,Jordan,0.90198,0.40661,0.11053,82,5.192,0.69639,Middle East and Northern Africa,1.05392,0.14293,2015
82,Montenegro,0.97438,0.1826,0.1614,82,5.192,0.72521,Central and Eastern Europe,0.90557,0.14296,2015
83,China,0.89012,0.51697,0.08185,84,5.14,0.81658,Eastern Asia,0.94675,0.02781,2015
84,Zambia,0.47038,0.48827,0.19591,85,5.129,0.29924,Sub-Saharan Africa,0.91612,0.12468,2015
85,Romania,1.04345,0.35068,0.13748,86,5.124,0.7689,Central and Eastern Europe,0.88588,0.00649,2015
86,Serbia,0.92053,0.20107,0.19231,87,5.123,0.74836,Central and Eastern Europe,1.00964,0.02617,2015
87,Portugal,1.15991,0.51469,0.13719,88,5.102,0.87519,Western Europe,1.13935,0.01078,2015
88,Latvia,1.11312,0.29671,0.18226,89,5.098,0.72437,Central and Eastern Europe,1.09562,0.06332,2015
89,Philippines,0.70532,0.62545,0.24991,90,5.073,0.58114,Southeastern Asia,1.03516,0.12279,2015
91,Morocco,0.73479,0.41691,0.07172,92,5.013,0.60954,Middle East and Northern Africa,0.64095,0.08546,2015
92,North Macedonia,0.91851,0.33457,0.22359,93,5.007,0.73545,Central and Eastern Europe,1.00232,0.05327,2015
93,Mozambique,0.08308,0.34037,0.22269,94,4.971,0.09131,Sub-Saharan Africa,1.02626,0.15603,2015
94,Albania,0.87867,0.35733,0.14272,95,4.959,0.81325,Central and Eastern Europe,0.80434,0.06413,2015
95,Bosnia and Herzegovina,0.83223,0.09245,0.24808,96,4.949,0.79081,Central and Eastern Europe,0.91916,0.00227,2015
96,Lesotho,0.37545,0.31767,0.16388,97,4.898,0.07612,Sub-Saharan Africa,1.04103,0.12504,2015
97,Dominican Republic,0.89537,0.57672,0.21684,98,4.885,0.66825,Latin America and Caribbean,1.17202,0.14234,2015
98,Laos,0.59066,0.59591,0.42192,99,4.876,0.54909,Southeastern Asia,0.73803,0.24249,2015
99,Mongolia,0.82819,0.43626,0.3323,100,4.874,0.60268,Eastern Asia,1.3006,0.02666,2015
100,Swaziland,0.71206,0.30658,0.18259,101,4.867,0.07566,Sub-Saharan Africa,1.07284,0.0306,2015
101,Greece,1.15406,0.07699,0.0,102,4.857,0.88213,Western Europe,0.92933,0.01397,2015
102,Lebanon,1.02564,0.33916,0.21854,103,4.839,0.83947,Middle East and Northern Africa,0.80001,0.04582,2015
103,Hungary,1.12094,0.32112,0.128,104,4.8,0.75905,Central and Eastern Europe,1.20215,0.02758,2015
104,Honduras,0.59532,0.40148,0.23027,105,4.788,0.6951,Latin America and Caribbean,0.95348,0.06825,2015
105,Tajikistan,0.39047,0.47216,0.22974,106,4.786,0.57379,Central and Eastern Europe,0.85563,0.15072,2015
106,Tunisia,0.88113,0.26268,0.06431,107,4.739,0.73793,Middle East and Northern Africa,0.60429,0.06358,2015
107,Palestinian Territories,0.59867,0.24499,0.11251,108,4.715,0.66015,Middle East and Northern Africa,0.92558,0.12905,2015
108,Bangladesh,0.39753,0.4082,0.21222,109,4.694,0.60164,Southern Asia,0.43106,0.12569,2015
109,Iran,1.0088,0.30033,0.38086,110,4.686,0.69805,Middle East and Northern Africa,0.54447,0.05863,2015
110,Ukraine,0.79907,0.25123,0.15275,111,4.681,0.6739,Central and Eastern Europe,1.20278,0.02961,2015
111,Iraq,0.98549,0.0,0.17922,112,4.677,0.60237,Middle East and Northern Africa,0.81889,0.13788,2015
112,South Africa,0.92049,0.33207,0.11973,113,4.642,0.27688,Sub-Saharan Africa,1.18468,0.08884,2015
113,Ghana,0.54558,0.42342,0.23087,114,4.633,0.40132,Sub-Saharan Africa,0.67954,0.04355,2015
114,Zimbabwe,0.271,0.25861,0.18987,115,4.61,0.33475,Sub-Saharan Africa,1.03276,0.08079,2015
115,Liberia,0.0712,0.28531,0.24362,116,4.571,0.34201,Sub-Saharan Africa,0.78968,0.06232,2015
116,India,0.64499,0.39786,0.26475,117,4.565,0.51529,Southern Asia,0.38174,0.08492,2015
117,Sudan,0.52107,0.10081,0.19062,118,4.55,0.36878,Sub-Saharan Africa,1.01404,0.1466,2015
118,Haiti,0.26673,0.24425,0.46187,119,4.518,0.38847,Latin America and Caribbean,0.74302,0.17175,2015
119,RD Congo,0.0,0.22605,0.24834,120,4.517,0.09806,Sub-Saharan Africa,1.0012,0.07625,2015
120,Nepal,0.35997,0.38282,0.32296,121,4.514,0.56874,Southern Asia,0.86449,0.05907,2015
121,Ethiopia,0.19073,0.4345,0.24325,122,4.512,0.44055,Sub-Saharan Africa,0.60406,0.15048,2015
122,Sierra Leone,0.33024,0.4084,0.21488,123,4.507,0.0,Sub-Saharan Africa,0.95571,0.08786,2015
123,Mauritania,0.45407,0.24232,0.219,124,4.436,0.35874,Sub-Saharan Africa,0.86908,0.17461,2015
124,Kenya,0.36471,0.42215,0.37542,125,4.419,0.41435,Sub-Saharan Africa,0.99876,0.05839,2015
125,Djibouti,0.44025,0.46074,0.18093,126,4.369,0.36291,Sub-Saharan Africa,0.59207,0.28105,2015
126,Armenia,0.76821,0.19847,0.07855,127,4.35,0.7299,Central and Eastern Europe,0.77711,0.039,2015
127,Botswana,0.99355,0.49495,0.10461,128,4.332,0.04776,Sub-Saharan Africa,1.10464,0.12474,2015
128,Myanmar,0.27108,0.44017,0.79588,129,4.307,0.48246,Southeastern Asia,0.70905,0.19034,2015
129,Georgia,0.7419,0.40577,0.05547,130,4.297,0.72926,Central and Eastern Europe,0.38562,0.38331,2015
130,Malawi,0.01604,0.43054,0.33128,131,4.292,0.22562,Sub-Saharan Africa,0.41134,0.06977,2015
131,Sri Lanka,0.83524,0.53726,0.40828,132,4.271,0.70806,Southern Asia,1.01905,0.09179,2015
132,Cameroon,0.4225,0.49309,0.20618,133,4.252,0.23402,Sub-Saharan Africa,0.88767,0.05786,2015
133,Bulgaria,1.01216,0.30587,0.11921,134,4.218,0.76649,Central and Eastern Europe,1.10614,0.00872,2015
134,Egypt,0.8818,0.17288,0.11291,135,4.194,0.61712,Middle East and Northern Africa,0.747,0.06324,2015
135,Yemen,0.54649,0.35571,0.09131,136,4.077,0.40064,Middle East and Northern Africa,0.68093,0.07854,2015
136,Angola,0.75778,0.10384,0.12344,137,4.033,0.16683,Sub-Saharan Africa,0.8604,0.07122,2015
137,Mali,0.26074,0.38857,0.18798,138,3.995,0.20583,Sub-Saharan Africa,1.03526,0.12352,2015
138,Congo,0.67866,0.41466,0.12388,139,3.989,0.31051,Sub-Saharan Africa,0.6629,0.11686,2015
139,Comoros,0.23906,0.22917,0.17441,140,3.956,0.36315,Sub-Saharan Africa,0.79273,0.199,2015
140,Uganda,0.21102,0.45727,0.29066,141,3.931,0.33861,Sub-Saharan Africa,1.13299,0.07267,2015
141,Senegal,0.36498,0.36772,0.20843,142,3.904,0.4354,Sub-Saharan Africa,0.97619,0.10713,2015
142,Gabon,1.06024,0.31914,0.06822,143,3.896,0.43372,Sub-Saharan Africa,0.90528,0.11091,2015
143,Niger,0.0694,0.47692,0.19387,144,3.845,0.29707,Sub-Saharan Africa,0.77265,0.15639,2015
144,Cambodia,0.46038,0.66246,0.40359,145,3.819,0.61114,Southeastern Asia,0.62736,0.07247,2015
145,Tanzania,0.2852,0.32878,0.34377,146,3.781,0.38215,Sub-Saharan Africa,1.00268,0.05747,2015
146,Madagascar,0.20824,0.19184,0.21333,147,3.681,0.46721,Sub-Saharan Africa,0.66801,0.08124,2015
147,Central African Republic,0.0785,0.48879,0.23835,148,3.678,0.06699,Sub-Saharan Africa,0.0,0.08289,2015
148,Chad,0.34193,0.23501,0.18386,149,3.667,0.1501,Sub-Saharan Africa,0.76062,0.05269,2015
149,Guinea,0.17417,0.37725,0.28657,150,3.656,0.24009,Sub-Saharan Africa,0.46475,0.12139,2015
150,Ivory Coast,0.46534,0.46866,0.20165,151,3.655,0.15185,Sub-Saharan Africa,0.77115,0.17922,2015
151,Burkina Faso,0.25812,0.39493,0.21747,152,3.587,0.27125,Sub-Saharan Africa,0.85188,0.12832,2015
152,Afghanistan,0.31982,0.23414,0.3651,153,3.575,0.30335,Southern Asia,0.30285,0.09719,2015
153,Rwanda,0.22208,0.59201,0.22628,154,3.465,0.42864,Sub-Saharan Africa,0.7737,0.55191,2015
154,Benin,0.28665,0.4845,0.1826,155,3.34,0.3191,Sub-Saharan Africa,0.35386,0.0801,2015
155,Syria,0.6632,0.15684,0.47179,156,3.006,0.72193,Middle East and Northern Africa,0.47489,0.18906,2015
156,Burundi,0.0153,0.1185,0.19727,157,2.905,0.22396,Sub-Saharan Africa,0.41587,0.10062,2015
157,Togo,0.20868,0.36453,0.16681,158,2.839,0.28443,Sub-Saharan Africa,0.13995,0.10731,2015
158,Denmark,1.44178,0.57941,0.36171,1,7.526,0.79504,Western Europe,1.16374,0.44453,2016
159,Switzerland,1.52733,0.58557,0.28083,2,7.509,0.86303,Western Europe,1.14524,0.41203,2016
160,Iceland,1.42666,0.56624,0.47678,3,7.501,0.86733,Western Europe,1.18326,0.14975,2016
161,Norway,1.57744,0.59609,0.37895,4,7.498,0.79579,Western Europe,1.1269,0.35776,2016
162,Finland,1.40598,0.57104,0.25492,5,7.413,0.81091,Western Europe,1.13464,0.41004,2016
163,Canada,1.44015,0.5737,0.44834,6,7.404,0.8276,North America,1.0961,0.31329,2016
164,Netherlands,1.46468,0.55211,0.47416,7,7.339,0.81231,Western Europe,1.02912,0.29927,2016
165,New Zealand,1.36066,0.58147,0.49401,8,7.334,0.83096,Australia and New Zealand,1.17278,0.41904,2016
166,Australia,1.44443,0.56837,0.47407,9,7.313,0.8512,Australia and New Zealand,1.10476,0.32331,2016
167,Sweden,1.45181,0.58218,0.38254,10,7.291,0.83121,Western Europe,1.08764,0.40867,2016
168,Israel,1.33766,0.36432,0.32288,11,7.267,0.84917,Middle East and Northern Africa,0.99537,0.08728,2016
169,Austria,1.45038,0.54355,0.32865,12,7.119,0.80565,Western Europe,1.08383,0.21348,2016
170,United States,1.50796,0.48163,0.41077,13,7.104,0.779,North America,1.04782,0.14868,2016
171,Costa Rica,1.06879,0.55225,0.22553,14,7.087,0.76146,Latin America and Caribbean,1.02152,0.10547,2016
172,Germany,1.44787,0.53466,0.30452,16,6.994,0.81487,Western Europe,1.09774,0.28551,2016
173,Brazil,1.08754,0.40425,0.15776,17,6.952,0.61415,Latin America and Caribbean,1.03938,0.14166,2016
174,Belgium,1.42539,0.51354,0.2424,18,6.929,0.81959,Western Europe,1.05249,0.26248,2016
175,Ireland,1.48341,0.54008,0.44963,19,6.907,0.81455,Western Europe,1.16157,0.29754,2016
176,Luxembourg,1.69752,0.5487,0.27571,20,6.871,0.84542,Western Europe,1.03999,0.35329,2016
177,Mexico,1.11508,0.37709,0.11735,21,6.778,0.71143,Latin America and Caribbean,0.7146,0.18355,2016
178,Singapore,1.64555,0.4877,0.32706,22,6.739,0.94719,Southeastern Asia,0.86758,0.46987,2016
179,United Kingdom,1.40283,0.50036,0.50156,23,6.725,0.80991,Western Europe,1.08672,0.27399,2016
180,Chile,1.2167,0.37789,0.31595,24,6.705,0.81883,Latin America and Caribbean,0.90587,0.11451,2016
181,Panama,1.18306,0.48927,0.2418,25,6.701,0.70835,Latin America and Caribbean,0.98912,0.08423,2016
182,Argentina,1.15137,0.42284,0.10989,26,6.65,0.69711,Latin America and Caribbean,1.06612,0.07296,2016
183,Czech Republic,1.30915,0.41418,0.09929,27,6.596,0.76376,Central and Eastern Europe,1.00793,0.03986,2016
184,United Arab Emirates,1.57352,0.56215,0.26591,28,6.573,0.72993,Middle East and Northern Africa,0.87114,0.35561,2016
185,Uruguay,1.18157,0.54388,0.18056,29,6.545,0.72183,Latin America and Caribbean,1.03143,0.21394,2016
186,Malta,1.30782,0.54994,0.56237,30,6.488,0.80315,Western Europe,1.09879,0.17554,2016
187,Colombia,1.03032,0.44735,0.15626,31,6.481,0.59659,Latin America and Caribbean,1.02169,0.05399,2016
188,France,1.39488,0.46562,0.1216,32,6.478,0.83795,Western Europe,1.00508,0.17808,2016
189,Thailand,1.0893,0.49553,0.58696,33,6.474,0.64915,Southeastern Asia,1.04477,0.02833,2016
190,Saudi Arabia,1.48953,0.37904,0.15457,34,6.379,0.59267,Middle East and Northern Africa,0.84829,0.30008,2016
191,Taiwan,1.39729,0.32377,0.25495,34,6.379,0.79565,Eastern Asia,0.92624,0.0663,2016
192,Qatar,1.82427,0.56679,0.32388,36,6.375,0.71723,Middle East and Northern Africa,0.87964,0.48049,2016
193,Spain,1.34253,0.37545,0.17665,37,6.361,0.87896,Western Europe,1.12945,0.06137,2016
194,Algeria,1.05266,0.21006,0.07044,38,6.355,0.61804,Middle East and Northern Africa,0.83309,0.16157,2016
195,Guatemala,0.83454,0.50379,0.28808,39,6.324,0.54039,Latin America and Caribbean,0.87119,0.08701,2016
196,Suriname,1.09686,0.52234,0.16665,40,6.269,0.50933,Latin America and Caribbean,0.77866,0.12692,2016
197,Kuwait,1.61714,0.43166,0.15965,41,6.239,0.63569,Middle East and Northern Africa,0.87758,0.23669,2016
198,Bahrain,1.44024,0.47375,0.17147,42,6.218,0.65696,Middle East and Northern Africa,0.94397,0.25772,2016
199,Trinidad and Tobago,1.32572,0.48453,0.31935,43,6.168,0.52608,Latin America and Caribbean,0.98569,0.01241,2016
200,Venezuela,1.13367,0.19847,0.0425,44,6.084,0.61904,Latin America and Caribbean,1.03302,0.08304,2016
201,Slovakia,1.27973,0.23391,0.13837,45,6.078,0.70367,Central and Eastern Europe,1.08268,0.02947,2016
202,El Salvador,0.8737,0.37269,0.08877,46,6.068,0.596,Latin America and Caribbean,0.80975,0.10613,2016
203,Malaysia,1.25142,0.39031,0.41474,47,6.005,0.62366,Southeastern Asia,0.88025,0.09081,2016
204,Nicaragua,0.69384,0.46582,0.29773,48,5.992,0.65213,Latin America and Caribbean,0.89521,0.16292,2016
205,Uzbekistan,0.73591,0.60848,0.34326,49,5.987,0.50163,Central and Eastern Europe,1.1681,0.28333,2016
206,Italy,1.35495,0.18827,0.16684,50,5.977,0.85102,Western Europe,1.04167,0.02556,2016
207,Ecuador,0.97306,0.4027,0.10074,51,5.976,0.68613,Latin America and Caribbean,0.85974,0.18037,2016
208,Japan,1.38007,0.46761,0.10224,53,5.921,0.91491,Eastern Asia,1.06054,0.18985,2016
209,Kazakhstan,1.22943,0.4052,0.15011,54,5.919,0.57386,Central and Eastern Europe,0.95544,0.11132,2016
210,Moldova,0.69177,0.25202,0.19997,55,5.897,0.52309,Central and Eastern Europe,0.83132,0.01903,2016
211,Russia,1.23228,0.32682,0.02736,56,5.856,0.58991,Central and Eastern Europe,1.05261,0.03586,2016
212,Poland,1.24585,0.4519,0.14443,57,5.835,0.69058,Central and Eastern Europe,1.04685,0.055,2016
213,South Korea,1.35948,0.25168,0.18824,57,5.835,0.88645,Eastern Asia,0.72194,0.07716,2016
214,Bolivia,0.79422,0.50961,0.21698,59,5.822,0.4697,Latin America and Caribbean,0.83779,0.07746,2016
215,Lithuania,1.2692,0.18929,0.02025,60,5.813,0.64674,Central and Eastern Europe,1.06411,0.0182,2016
216,Belarus,1.13062,0.29091,0.13942,61,5.802,0.63104,Central and Eastern Europe,1.04993,0.17457,2016
217,North Cyprus,1.31141,0.43596,0.26322,62,5.771,0.84142,Western Europe,0.81826,0.16578,2016
218,Slovenia,1.29947,0.53164,0.25738,63,5.768,0.79151,Central and Eastern Europe,1.05613,0.03635,2016
219,Peru,0.99602,0.37502,0.14527,64,5.743,0.62994,Latin America and Caribbean,0.81255,0.05292,2016
220,Turkmenistan,1.08017,0.37408,0.22567,65,5.658,0.44006,Central and Eastern Europe,1.03817,0.28467,2016
221,Mauritius,1.14372,0.46145,0.36951,66,5.648,0.66189,Sub-Saharan Africa,0.75695,0.05203,2016
222,Libya,1.06688,0.40672,0.17087,67,5.615,0.52304,Middle East and Northern Africa,0.95076,0.10339,2016
223,Latvia,1.21788,0.27996,0.17445,68,5.56,0.63952,Central and Eastern Europe,0.95025,0.0889,2016
224,Cyprus,1.31857,0.29507,0.27906,69,5.546,0.8488,Western Europe,0.70697,0.05228,2016
225,Paraguay,0.89373,0.46235,0.25296,70,5.538,0.58295,Latin America and Caribbean,1.11111,0.07396,2016
226,Romania,1.1697,0.36712,0.12889,71,5.528,0.67602,Central and Eastern Europe,0.72803,0.00679,2016
227,Estonia,1.27964,0.41511,0.08423,72,5.517,0.68098,Central and Eastern Europe,1.05163,0.18519,2016
228,Jamaica,0.89333,0.43597,0.22245,73,5.51,0.59469,Latin America and Caribbean,0.96372,0.04294,2016
229,Croatia,1.18649,0.23907,0.18434,74,5.488,0.70524,Central and Eastern Europe,0.60809,0.04002,2016
230,Hong Kong,1.5107,0.48079,0.40097,75,5.458,0.95277,Eastern Asia,0.87021,0.31647,2016
231,Kosovo,0.90145,0.14396,0.27992,77,5.401,0.54,Central and Eastern Europe,0.66062,0.06547,2016
232,Turkey,1.16492,0.23889,0.04707,78,5.389,0.64718,Middle East and Northern Africa,0.87717,0.12348,2016
233,Indonesia,0.95104,0.39237,0.56521,79,5.314,0.49374,Southeastern Asia,0.87625,0.00322,2016
234,Jordan,0.99673,0.36023,0.14262,80,5.303,0.60712,Middle East and Northern Africa,0.86216,0.13297,2016
235,Azerbaijan,1.12373,0.35327,0.0564,81,5.291,0.54504,Central and Eastern Europe,0.76042,0.17914,2016
236,Philippines,0.81217,0.54854,0.21674,82,5.279,0.47036,Southeastern Asia,0.87877,0.11757,2016
237,China,1.0278,0.44012,0.04959,83,5.245,0.73561,Eastern Asia,0.79381,0.02745,2016
238,Bhutan,0.8527,0.46074,0.48546,84,5.196,0.49759,Southern Asia,0.90836,0.1616,2016
239,Kyrgyzstan,0.56044,0.40212,0.38432,85,5.185,0.55449,Central and Eastern Europe,0.95434,0.04762,2016
240,Serbia,1.03437,0.15718,0.20737,86,5.177,0.6458,Central and Eastern Europe,0.81329,0.04339,2016
241,Bosnia and Herzegovina,0.93383,0.09511,0.29889,87,5.163,0.70766,Central and Eastern Europe,0.64367,0.0,2016
242,Montenegro,1.07838,0.15111,0.17191,88,5.161,0.63533,Central and Eastern Europe,0.74173,0.12721,2016
243,Dominican Republic,1.02787,0.52259,0.21286,89,5.155,0.57669,Latin America and Caribbean,0.99496,0.12372,2016
244,Morocco,0.84058,0.25646,0.04053,90,5.151,0.59471,Middle East and Northern Africa,0.38595,0.08404,2016
245,Hungary,1.24142,0.1977,0.099,91,5.145,0.67608,Central and Eastern Europe,0.93164,0.04472,2016
246,Pakistan,0.68816,0.14622,0.31185,92,5.132,0.40306,Southern Asia,0.26135,0.1388,2016
247,Lebanon,1.12268,0.26228,0.23693,93,5.129,0.76171,Middle East and Northern Africa,0.64184,0.03061,2016
248,Portugal,1.27607,0.44727,0.11691,94,5.123,0.79363,Western Europe,0.94367,0.01521,2016
249,North Macedonia,1.0193,0.27668,0.23507,95,5.121,0.64738,Central and Eastern Europe,0.78236,0.07047,2016
250,Vietnam,0.74037,0.55954,0.25075,96,5.061,0.66157,Southeastern Asia,0.79117,0.11556,2016
251,Tunisia,0.97724,0.23553,0.03936,98,5.045,0.59577,Middle East and Northern Africa,0.43165,0.0817,2016
252,Greece,1.24886,0.05822,0.0,99,5.033,0.80029,Western Europe,0.75473,0.04127,2016
253,Tajikistan,0.48835,0.43408,0.25998,100,4.996,0.53119,Central and Eastern Europe,0.75602,0.13509,2016
254,Mongolia,0.98853,0.35972,0.34539,101,4.907,0.55469,Eastern Asia,1.08983,0.03285,2016
255,Laos,0.68042,0.52168,0.43079,102,4.876,0.38291,Southeastern Asia,0.5497,0.22423,2016
256,Nigeria,0.75216,0.27854,0.23219,103,4.875,0.05108,Sub-Saharan Africa,0.64498,0.0305,2016
257,Honduras,0.69429,0.26755,0.2044,104,4.871,0.58383,Latin America and Caribbean,0.75596,0.06906,2016
258,Iran,1.11758,0.22544,0.38538,105,4.813,0.64232,Middle East and Northern Africa,0.38857,0.0557,2016
259,Zambia,0.61202,0.42662,0.17866,106,4.795,0.23573,Sub-Saharan Africa,0.6376,0.11479,2016
260,Nepal,0.44626,0.37012,0.3816,107,4.793,0.50073,Southern Asia,0.69699,0.07008,2016
261,Palestinian Territories,0.67024,0.17744,0.11154,108,4.754,0.56844,Middle East and Northern Africa,0.71629,0.10613,2016
262,Albania,0.9553,0.31866,0.1684,109,4.655,0.73007,Central and Eastern Europe,0.50163,0.05301,2016
263,Bangladesh,0.54177,0.39778,0.19132,110,4.643,0.52989,Southern Asia,0.24749,0.12583,2016
264,Sierra Leone,0.36485,0.30685,0.23897,111,4.635,0.0,Sub-Saharan Africa,0.628,0.08196,2016
265,Iraq,1.07474,0.24856,0.19589,112,4.575,0.51076,Middle East and Northern Africa,0.59205,0.13636,2016
266,Cameroon,0.52497,0.42736,0.2268,114,4.513,0.12698,Sub-Saharan Africa,0.62542,0.06126,2016
267,Ethiopia,0.29283,0.36703,0.29522,115,4.508,0.34578,Sub-Saharan Africa,0.37932,0.1717,2016
268,South Africa,1.02416,0.42483,0.13656,116,4.459,0.18611,Sub-Saharan Africa,0.96053,0.08415,2016
269,Sri Lanka,0.97318,0.50817,0.46978,117,4.415,0.62007,Southern Asia,0.84783,0.07964,2016
270,India,0.74036,0.40285,0.25028,118,4.404,0.45091,Southern Asia,0.29247,0.08722,2016
271,Myanmar,0.34112,0.42692,0.81971,119,4.395,0.3988,Southeastern Asia,0.69981,0.20243,2016
272,Egypt,0.95395,0.18847,0.12706,120,4.362,0.52116,Middle East and Northern Africa,0.49813,0.10393,2016
273,Armenia,0.86086,0.14037,0.07793,121,4.36,0.64083,Central and Eastern Europe,0.62477,0.03616,2016
274,Kenya,0.52267,0.40576,0.41328,122,4.356,0.30147,Sub-Saharan Africa,0.7624,0.06686,2016
275,Ukraine,0.87287,0.12859,0.20363,123,4.324,0.58628,Central and Eastern Europe,1.01413,0.01829,2016
276,Ghana,0.63107,0.40973,0.21203,124,4.276,0.29681,Sub-Saharan Africa,0.49353,0.0326,2016
277,RD Congo,0.05661,0.15602,0.25458,125,4.272,0.188,Sub-Saharan Africa,0.80676,0.06075,2016
278,Georgia,0.83792,0.32461,0.06786,126,4.252,0.64035,Central and Eastern Europe,0.19249,0.3188,2016
279,Congo,0.77109,0.37938,0.12077,127,4.236,0.28212,Sub-Saharan Africa,0.47799,0.09753,2016
280,Senegal,0.44314,0.31056,0.19103,128,4.219,0.40457,Sub-Saharan Africa,0.77416,0.11681,2016
281,Bulgaria,1.11306,0.21219,0.12793,129,4.217,0.67806,Central and Eastern Europe,0.92542,0.00615,2016
282,Mauritania,0.61391,0.1268,0.22686,130,4.201,0.28639,Sub-Saharan Africa,0.84142,0.17955,2016
283,Zimbabwe,0.35041,0.25429,0.18503,131,4.193,0.1595,Sub-Saharan Africa,0.71478,0.08582,2016
284,Malawi,0.08709,0.4143,0.30968,132,4.156,0.29364,Sub-Saharan Africa,0.147,0.07564,2016
285,Sudan,0.63069,0.0,0.18077,133,4.139,0.29759,Sub-Saharan Africa,0.81928,0.10039,2016
286,Gabon,1.15851,0.28098,0.06244,134,4.121,0.3494,Sub-Saharan Africa,0.72368,0.09314,2016
287,Mali,0.31292,0.27544,0.21064,135,4.073,0.16347,Sub-Saharan Africa,0.86333,0.13647,2016
288,Haiti,0.34097,0.12072,0.47958,136,4.028,0.27494,Latin America and Caribbean,0.29561,0.14476,2016
289,Botswana,1.09426,0.44089,0.12425,137,3.974,0.34752,Sub-Saharan Africa,0.89186,0.10769,2016
290,Comoros,0.27509,0.15412,0.1827,138,3.956,0.29981,Sub-Saharan Africa,0.60323,0.18437,2016
291,Ivory Coast,0.55507,0.40663,0.20338,139,3.916,0.04476,Sub-Saharan Africa,0.57576,0.1553,2016
292,Cambodia,0.55604,0.58852,0.40339,140,3.907,0.42494,Southeastern Asia,0.5375,0.08092,2016
293,Angola,0.84731,0.00589,0.12071,141,3.866,0.04991,Sub-Saharan Africa,0.66366,0.08434,2016
294,Niger,0.1327,0.38041,0.2097,142,3.856,0.26162,Sub-Saharan Africa,0.6053,0.17176,2016
295,Chad,0.42214,0.12807,0.18667,144,3.763,0.03824,Sub-Saharan Africa,0.63178,0.04952,2016
296,Burkina Faso,0.31995,0.3337,0.24353,145,3.739,0.21297,Sub-Saharan Africa,0.63054,0.12533,2016
297,Uganda,0.34719,0.43653,0.27102,145,3.739,0.19625,Sub-Saharan Africa,0.90981,0.06442,2016
298,Yemen,0.57939,0.2287,0.09821,147,3.724,0.31048,Middle East and Northern Africa,0.47493,0.05892,2016
299,Madagascar,0.27954,0.13684,0.2204,148,3.695,0.37109,Sub-Saharan Africa,0.46115,0.07506,2016
300,Tanzania,0.47155,0.3176,0.31472,149,3.666,0.357,Sub-Saharan Africa,0.77623,0.05099,2016
301,Liberia,0.10706,0.25748,0.24063,150,3.622,0.23165,Sub-Saharan Africa,0.50353,0.04852,2016
302,Guinea,0.22415,0.30953,0.29914,151,3.607,0.18829,Sub-Saharan Africa,0.3109,0.1192,2016
303,Rwanda,0.32846,0.5432,0.23552,152,3.515,0.31865,Sub-Saharan Africa,0.61586,0.50521,2016
304,Benin,0.39499,0.39747,0.2018,153,3.484,0.21028,Sub-Saharan Africa,0.10419,0.06681,2016
305,Afghanistan,0.38227,0.1643,0.31268,154,3.36,0.17344,Southern Asia,0.11037,0.07112,2016
306,Togo,0.28123,0.34678,0.17517,155,3.303,0.24811,Sub-Saharan Africa,0.0,0.11587,2016
307,Syria,0.74719,0.06912,0.48397,156,3.069,0.62994,Middle East and Northern Africa,0.14866,0.17233,2016
308,Burundi,0.06831,0.0432,0.2029,157,2.905,0.15747,Sub-Saharan Africa,0.23442,0.09419,2016
309,Norway,1.61646318435669,0.635422587394714,0.36201223731041,1,7.53700017929077,0.796666502952576,Western Europe,1.53352355957031,0.315963834524155,2017
310,Denmark,1.48238301277161,0.626006722450256,0.355280488729477,2,7.52199983596802,0.792565524578094,Western Europe,1.55112159252167,0.40077006816864,2017
311,Iceland,1.480633020401,0.627162635326385,0.475540220737457,3,7.50400018692017,0.833552122116089,Western Europe,1.6105740070343,0.153526559472084,2017
312,Switzerland,1.56497955322266,0.620070576667786,0.290549278259277,4,7.49399995803833,0.858131289482117,Western Europe,1.51691174507141,0.367007285356522,2017
313,Finland,1.44357192516327,0.617950856685638,0.24548277258873,5,7.4689998626709,0.80915766954422,Western Europe,1.5402467250824,0.38261154294014,2017
314,Netherlands,1.50394463539124,0.585384488105774,0.470489829778671,6,7.3769998550415,0.810696125030518,Western Europe,1.42893922328949,0.282661825418472,2017
315,Canada,1.47920441627502,0.611100912094116,0.435539722442627,7,7.31599998474121,0.83455765247345,North America,1.48134899139404,0.287371516227722,2017
316,New Zealand,1.40570604801178,0.614062130451202,0.500005125999451,8,7.31400012969971,0.816759705543518,Australia and New Zealand,1.54819512367249,0.382816702127457,2017
317,Sweden,1.49438726902008,0.612924098968506,0.385399252176285,9,7.28399991989136,0.830875158309937,Western Europe,1.47816216945648,0.384398728609085,2017
318,Australia,1.484414935112,0.601607382297516,0.477699249982834,10,7.28399991989136,0.84388679265976,Australia and New Zealand,1.51004195213318,0.301183730363846,2017
319,Israel,1.37538242340088,0.405988603830338,0.330082654953003,11,7.21299982070923,0.83840399980545,Middle East and Northern Africa,1.37628996372223,0.0852421000599861,2017
320,Costa Rica,1.10970628261566,0.580131649971008,0.214613229036331,12,7.0789999961853,0.759509265422821,Latin America and Caribbean,1.41640365123749,0.100106589496136,2017
321,Austria,1.48709726333618,0.567766189575195,0.316472321748734,13,7.00600004196167,0.815328419208527,Western Europe,1.4599449634552,0.221060365438461,2017
322,United States,1.54625928401947,0.505740523338318,0.392578780651093,14,6.99300003051758,0.77428662776947,North America,1.41992056369781,0.135638788342476,2017
323,Ireland,1.53570663928986,0.573110342025757,0.42785832285881,15,6.97700023651123,0.80978262424469,Western Europe,1.55823111534119,0.29838815331459,2017
324,Germany,1.48792338371277,0.562511384487152,0.336269170045853,16,6.95100021362305,0.798950731754303,Western Europe,1.47252035140991,0.276731938123703,2017
325,Belgium,1.46378076076508,0.539770722389221,0.231503337621689,17,6.89099979400635,0.818091869354248,Western Europe,1.46231269836426,0.251343131065369,2017
326,Luxembourg,1.74194359779358,0.59662789106369,0.283180981874466,18,6.86299991607666,0.845089495182037,Western Europe,1.45758366584778,0.31883442401886,2017
327,United Kingdom,1.44163393974304,0.508190035820007,0.492774158716202,19,6.71400022506714,0.805335938930511,Western Europe,1.49646008014679,0.265428066253662,2017
328,Chile,1.25278460979462,0.376895278692245,0.326662421226501,20,6.65199995040894,0.819479703903198,Latin America and Caribbean,1.28402495384216,0.0822879821062088,2017
329,United Arab Emirates,1.62634336948395,0.60834527015686,0.3609419465065,21,6.64799976348877,0.726798236370087,Middle East and Northern Africa,1.26641023159027,0.324489563703537,2017
330,Brazil,1.10735321044922,0.437453746795654,0.16234989464283,22,6.63500022888184,0.616552352905273,Latin America and Caribbean,1.43130600452423,0.111092761158943,2017
331,Czech Republic,1.35268235206604,0.490946173667908,0.0881067588925362,23,6.60900020599365,0.754444003105164,Central and Eastern Europe,1.43388521671295,0.0368729270994663,2017
332,Argentina,1.18529546260834,0.494519203901291,0.109457060694695,24,6.59899997711182,0.695137083530426,Latin America and Caribbean,1.44045114517212,0.059739887714386,2017
333,Mexico,1.15318381786346,0.412730008363724,0.120990432798862,25,6.57800006866455,0.709978997707367,Latin America and Caribbean,1.210862159729,0.132774114608765,2017
334,Singapore,1.69227766990662,0.549840569496155,0.345965981483459,26,6.57200002670288,0.949492394924164,Southeastern Asia,1.35381436347961,0.46430778503418,2017
335,Malta,1.34327983856201,0.588767051696777,0.574730575084686,27,6.52699995040894,0.821944236755371,Western Europe,1.48841166496277,0.153066068887711,2017
336,Uruguay,1.21755969524384,0.57939225435257,0.175096929073334,28,6.4539999961853,0.719216823577881,Latin America and Caribbean,1.41222786903381,0.178061872720718,2017
337,Guatemala,0.872001945972443,0.531310617923737,0.283488392829895,29,6.4539999961853,0.540239989757538,Latin America and Caribbean,1.25558519363403,0.0772232785820961,2017
338,Panama,1.23374843597412,0.550026834011078,0.21055693924427,30,6.4520001411438,0.706156134605408,Latin America and Caribbean,1.37319254875183,0.070983923971653,2017
339,France,1.43092346191406,0.470222115516663,0.129762306809425,31,6.44199991226196,0.844465851783752,Western Europe,1.38777685165405,0.172502428293228,2017
340,Thailand,1.12786877155304,0.580200731754303,0.572123110294342,32,6.42399978637695,0.647239029407501,Southeastern Asia,1.42579245567322,0.0316127352416515,2017
341,Taiwan,1.43362653255463,0.361466586589813,0.258360475301743,33,6.42199993133545,0.793984234333038,Eastern Asia,1.38456535339355,0.0638292357325554,2017
342,Spain,1.38439786434174,0.408781230449677,0.190133571624756,34,6.40299987792969,0.888960599899292,Western Europe,1.53209090232849,0.0709140971302986,2017
343,Qatar,1.87076568603516,0.604130983352661,0.330473870038986,35,6.375,0.710098087787628,Middle East and Northern Africa,1.27429687976837,0.439299255609512,2017
344,Colombia,1.07062232494354,0.477487415075302,0.149014472961426,36,6.35699987411499,0.595027923583984,Latin America and Caribbean,1.4021829366684,0.0466687418520451,2017
345,Saudi Arabia,1.53062355518341,0.449750572443008,0.147616013884544,37,6.3439998626709,0.590148329734802,Middle East and Northern Africa,1.28667759895325,0.27343225479126,2017
346,Trinidad and Tobago,1.36135590076447,0.518630743026733,0.325296461582184,38,6.16800022125244,0.519983291625977,Latin America and Caribbean,1.3802285194397,0.0089648161083459,2017
347,Kuwait,1.63295245170593,0.496337592601776,0.228289797902107,39,6.10500001907349,0.632105708122253,Middle East and Northern Africa,1.25969874858856,0.215159550309181,2017
348,Slovakia,1.32539355754852,0.295817464590073,0.136544480919838,40,6.09800004959106,0.712732911109924,Central and Eastern Europe,1.50505924224854,0.0242108516395092,2017
349,Bahrain,1.48841226100922,0.536746919155121,0.172668486833572,41,6.08699989318848,0.653133034706116,Middle East and Northern Africa,1.32311046123505,0.257042169570923,2017
350,Malaysia,1.29121541976929,0.402264982461929,0.416608929634094,42,6.08400011062622,0.618784427642822,Southeastern Asia,1.28464603424072,0.0656007081270218,2017
351,Nicaragua,0.737299203872681,0.447551846504211,0.301674216985703,43,6.07100009918213,0.653095960617065,Latin America and Caribbean,1.28721570968628,0.130687981843948,2017
352,Ecuador,1.00082039833069,0.4551981985569,0.150112465023994,44,6.00799989700317,0.685636222362518,Latin America and Caribbean,1.28616881370544,0.140134647488594,2017
353,El Salvador,0.909784495830536,0.432452529668808,0.0782579854130745,45,6.00299978256226,0.596018552780151,Latin America and Caribbean,1.18212509155273,0.0899809598922729,2017
354,Poland,1.29178786277771,0.520342111587524,0.158465966582298,46,5.97300004959106,0.699475347995758,Central and Eastern Europe,1.44571197032928,0.0593078061938286,2017
355,Uzbekistan,0.786441087722778,0.658248662948608,0.415983647108078,47,5.97100019454956,0.498272627592087,Central and Eastern Europe,1.54896914958954,0.246528223156929,2017
356,Italy,1.39506661891937,0.256450712680817,0.17278964817524,48,5.96400022506714,0.853144347667694,Western Europe,1.44492328166962,0.0280280914157629,2017
357,Russia,1.28177809715271,0.373783111572266,0.0522638224065304,49,5.96299982070923,0.547349333763123,Central and Eastern Europe,1.46928238868713,0.0329628810286522,2017
358,Japan,1.41691517829895,0.505625545978546,0.12057276815176,51,5.92000007629395,0.913475871086121,Eastern Asia,1.43633782863617,0.163760736584663,2017
359,Lithuania,1.31458234786987,0.234231784939766,0.010164656676352,52,5.90199995040894,0.62894994020462,Central and Eastern Europe,1.47351610660553,0.0118656428530812,2017
360,Algeria,1.09186446666718,0.233335807919502,0.0694366469979286,53,5.87200021743774,0.617584645748138,Middle East and Northern Africa,1.1462174654007,0.146096110343933,2017
361,Latvia,1.26074862480164,0.325707912445068,0.153074786067009,54,5.84999990463257,0.638566970825195,Central and Eastern Europe,1.40471494197845,0.0738427266478539,2017
362,South Korea,1.40167844295502,0.257921665906906,0.206674367189407,55,5.83799982070923,0.900214076042175,Eastern Asia,1.12827444076538,0.0632826685905457,2017
363,Moldova,0.728870630264282,0.240729048848152,0.208779126405716,56,5.83799982070923,0.589465200901031,Central and Eastern Europe,1.25182557106018,0.0100912861526012,2017
364,Romania,1.21768391132355,0.457003742456436,0.133519917726517,57,5.82499980926514,0.685158312320709,Central and Eastern Europe,1.15009129047394,0.00438790069893,2017
365,Bolivia,0.833756566047668,0.558732926845551,0.22556072473526,58,5.82299995422363,0.473630249500275,Latin America and Caribbean,1.22761905193329,0.0604777261614799,2017
366,Turkmenistan,1.13077676296234,0.41827192902565,0.24992498755455,59,5.82200002670288,0.437726080417633,Central and Eastern Europe,1.49314916133881,0.259270340204239,2017
367,Kazakhstan,1.28455626964569,0.437454283237457,0.201964423060417,60,5.81899976730347,0.606041550636292,Central and Eastern Europe,1.38436901569366,0.119282886385918,2017
368,North Cyprus,1.3469113111496,0.471203625202179,0.266845703125,61,5.80999994277954,0.834647238254547,Western Europe,1.18630337715149,0.155353352427483,2017
369,Slovenia,1.3412059545517,0.572575807571411,0.242649093270302,62,5.75799989700317,0.790828227996826,Central and Eastern Europe,1.45251882076263,0.0451289787888527,2017
370,Peru,1.03522527217865,0.450002878904343,0.126819714903831,63,5.71500015258789,0.630166113376617,Latin America and Caribbean,1.21877038478851,0.0470490865409374,2017
371,Mauritius,1.18939554691315,0.491247326135635,0.360933750867844,64,5.62900018692017,0.638007462024689,Sub-Saharan Africa,1.20956099033356,0.0421815551817417,2017
372,Cyprus,1.35593807697296,0.355111539363861,0.271254301071167,65,5.62099981307983,0.84471470117569,Western Europe,1.13136327266693,0.0412379764020443,2017
373,Estonia,1.32087934017181,0.479131430387497,0.0988908112049103,66,5.61100006103516,0.695168316364288,Central and Eastern Europe,1.47667109966278,0.183248922228813,2017
374,Belarus,1.15655755996704,0.295400261878967,0.15513750910759,67,5.56899976730347,0.637714266777039,Central and Eastern Europe,1.44494521617889,0.156313821673393,2017
375,Libya,1.10180306434631,0.465733230113983,0.152073666453362,68,5.52500009536743,0.520169019699097,Middle East and Northern Africa,1.35756433010101,0.0926102101802826,2017
376,Turkey,1.19827437400818,0.300740599632263,0.0466930419206619,69,5.5,0.637605607509613,Middle East and Northern Africa,1.33775317668915,0.0996715798974037,2017
377,Paraguay,0.932537317276001,0.473507791757584,0.224150657653809,70,5.49300003051758,0.579250693321228,Latin America and Caribbean,1.50728487968445,0.091065913438797,2017
378,Hong Kong,1.55167484283447,0.490968644618988,0.374465793371201,71,5.47200012207031,0.943062424659729,Eastern Asia,1.26279091835022,0.293933749198914,2017
379,Philippines,0.85769921541214,0.585214674472809,0.193513423204422,72,5.42999982833862,0.468009054660797,Southeastern Asia,1.25391757488251,0.0993318930268288,2017
380,Serbia,1.06931757926941,0.208715528249741,0.220125883817673,73,5.39499998092651,0.65078467130661,Central and Eastern Europe,1.25818979740143,0.0409037806093693,2017
381,Jordan,0.991012394428253,0.418421149253845,0.172170460224152,74,5.33599996566772,0.604590058326721,Middle East and Northern Africa,1.23908889293671,0.11980327218771,2017
382,Hungary,1.2860119342804,0.175863519310951,0.0784016624093056,75,5.32399988174438,0.687763452529907,Central and Eastern Europe,1.34313309192657,0.0366369374096394,2017
383,Jamaica,0.925579309463501,0.474307239055634,0.233818337321281,76,5.31099987030029,0.641022384166718,Latin America and Caribbean,1.36821806430817,0.0552677810192108,2017
384,Croatia,1.22255623340607,0.255772292613983,0.248002976179123,77,5.29300022125244,0.701288521289825,Central and Eastern Europe,0.96798300743103,0.0431031100451946,2017
385,Kosovo,0.951484382152557,0.260287940502167,0.319931447505951,78,5.27899980545044,0.541452050209045,Central and Eastern Europe,1.13785350322723,0.0574716180562973,2017
386,China,1.08116579055786,0.472787708044052,0.0288068410009146,79,5.27299976348877,0.741415500640869,Eastern Asia,1.16083741188049,0.0227942746132612,2017
387,Pakistan,0.72688353061676,0.23521526157856,0.315446019172668,80,5.26900005340576,0.402047783136368,Southern Asia,0.672690689563751,0.124348066747189,2017
388,Indonesia,0.995538592338562,0.443323463201523,0.611704587936401,81,5.26200008392334,0.492345720529556,Southeastern Asia,1.27444469928741,0.0153171354904771,2017
389,Venezuela,1.12843120098114,0.153997123241425,0.0650196298956871,82,5.25,0.617144227027893,Latin America and Caribbean,1.43133759498596,0.0644911229610443,2017
390,Montenegro,1.12112903594971,0.194989055395126,0.197911024093628,83,5.23699998855591,0.667464673519135,Central and Eastern Europe,1.23837649822235,0.0881741940975189,2017
391,Morocco,0.878114581108093,0.408158332109451,0.0322099551558495,84,5.2350001335144,0.59771066904068,Middle East and Northern Africa,0.774864435195923,0.0877631828188896,2017
392,Azerbaijan,1.15360176563263,0.398155838251114,0.0452693402767181,85,5.23400020599365,0.540775775909424,Central and Eastern Europe,1.15240025520325,0.180987507104874,2017
393,Dominican Republic,1.07937383651733,0.55258983373642,0.186967849731445,86,5.23000001907349,0.574873745441437,Latin America and Caribbean,1.40241670608521,0.113945253193378,2017
394,Greece,1.28948748111725,0.0957312509417534,0.0,87,5.22700023651123,0.810198903083801,Western Europe,1.23941457271576,0.04328977689147,2017
395,Lebanon,1.07498753070831,0.288515985012054,0.264450758695602,88,5.22499990463257,0.735081076622009,Middle East and Northern Africa,1.12962424755096,0.037513829767704,2017
396,Portugal,1.3151752948761,0.498465299606323,0.0951027125120163,89,5.19500017166138,0.795843541622162,Western Europe,1.36704301834106,0.0158694516867399,2017
397,Bosnia and Herzegovina,0.982409417629242,0.204403176903725,0.328867495059967,90,5.18200016021729,0.705186307430267,Central and Eastern Europe,1.0693359375,0.0,2017
398,Honduras,0.730573117733002,0.348079860210419,0.236188873648643,91,5.18100023269653,0.582569479942322,Latin America and Caribbean,1.14394497871399,0.0733454525470734,2017
399,North Macedonia,1.06457793712616,0.325905978679657,0.25376096367836,92,5.17500019073486,0.644948184490204,Central and Eastern Europe,1.20789301395416,0.0602777935564518,2017
400,Vietnam,0.788547575473785,0.571055591106415,0.234968051314354,94,5.07399988174438,0.652168989181519,Southeastern Asia,1.27749133110046,0.0876332372426987,2017
401,Nigeria,0.783756256103516,0.394952565431595,0.230947196483612,95,5.07399988174438,0.0569157302379608,Sub-Saharan Africa,1.21577048301697,0.0261215660721064,2017
402,Tajikistan,0.524713635444641,0.471566706895828,0.248997643589973,96,5.04099988937378,0.529235124588013,Central and Eastern Europe,1.27146327495575,0.146377146244049,2017
403,Bhutan,0.885416388511658,0.501537680625916,0.474054545164108,97,5.01100015640259,0.495879292488098,Southern Asia,1.34012651443481,0.173380389809608,2017
404,Kyrgyzstan,0.596220076084137,0.454943388700485,0.42858037352562,98,5.00400018692017,0.553457796573639,Central and Eastern Europe,1.39423859119415,0.0394391790032387,2017
405,Nepal,0.479820191860199,0.440305948257446,0.394096165895462,99,4.96199989318848,0.504130780696869,Southern Asia,1.17928326129913,0.0729755461215973,2017
406,Mongolia,1.02723586559296,0.394143968820572,0.338464230298996,100,4.95499992370605,0.557783484458923,Eastern Asia,1.4930112361908,0.0329022891819477,2017
407,South Africa,1.05469870567322,0.479246735572815,0.139362379908562,101,4.8289999961853,0.187080070376396,Sub-Saharan Africa,1.38478863239288,0.0725094974040985,2017
408,Tunisia,1.00726580619812,0.289680689573288,0.0496933571994305,102,4.80499982833862,0.613212049007416,Middle East and Northern Africa,0.868351459503174,0.0867231488227844,2017
409,Palestinian Territories,0.716249227523804,0.25471106171608,0.114173173904419,103,4.77500009536743,0.565666973590851,Middle East and Northern Africa,1.15564715862274,0.0892826020717621,2017
410,Egypt,0.989701807498932,0.282110154628754,0.128631442785263,104,4.7350001335144,0.520187258720398,Middle East and Northern Africa,0.997471392154694,0.114381365478039,2017
411,Bulgaria,1.1614590883255,0.289231717586517,0.113177694380283,105,4.71400022506714,0.708217680454254,Central and Eastern Europe,1.43437945842743,0.0110515309497714,2017
412,Sierra Leone,0.36842092871666,0.318697690963745,0.293040901422501,106,4.70900011062622,0.0055647538974881,Sub-Saharan Africa,0.984136044979095,0.0710951760411263,2017
413,Cameroon,0.564305365085602,0.430388748645782,0.236298456788063,107,4.69500017166138,0.132892116904259,Sub-Saharan Africa,0.946018218994141,0.0513066314160824,2017
414,Iran,1.15687310695648,0.249322608113289,0.387242913246155,108,4.69199991226196,0.639333188533783,Middle East and Northern Africa,0.711551249027252,0.048761073499918,2017
415,Albania,0.996192753314972,0.381498634815216,0.201312944293022,109,4.64400005340576,0.731159746646881,Central and Eastern Europe,0.803685247898102,0.0398642159998417,2017
416,Bangladesh,0.586682975292206,0.478356659412384,0.172255352139473,110,4.60799980163574,0.533241033554077,Southern Asia,0.735131740570068,0.123717859387398,2017
417,Kenya,0.560479462146759,0.452763766050339,0.444860309362411,112,4.55299997329712,0.309988349676132,Sub-Saharan Africa,1.06795072555542,0.0646413192152977,2017
418,Mozambique,0.234305649995804,0.480791091918945,0.322228103876114,113,4.55000019073486,0.106654435396194,Sub-Saharan Africa,0.870701014995575,0.179436385631561,2017
419,Myanmar,0.367110550403595,0.514492034912109,0.838075160980225,114,4.54500007629395,0.397522568702698,Southeastern Asia,1.12323594093323,0.188816204667091,2017
420,Senegal,0.479309022426605,0.377922266721725,0.183468893170357,115,4.53499984741211,0.409362852573395,Sub-Saharan Africa,1.17969191074371,0.115460447967052,2017
421,Zambia,0.636406779289246,0.461603492498398,0.249580144882202,116,4.51399993896484,0.257835894823074,Sub-Saharan Africa,1.00318729877472,0.0782135501503944,2017
422,Iraq,1.10271048545837,0.288555532693863,0.19963726401329,117,4.49700021743774,0.501180469989777,Middle East and Northern Africa,0.978613197803497,0.107215754687786,2017
423,Gabon,1.1982102394104,0.312328577041626,0.0437853783369064,118,4.46500015258789,0.356578588485718,Sub-Saharan Africa,1.1556202173233,0.0760467872023582,2017
424,Ethiopia,0.339233845472336,0.408842742443085,0.312650740146637,119,4.46000003814697,0.353409707546234,Sub-Saharan Africa,0.86466920375824,0.165455713868141,2017
425,Sri Lanka,1.00985014438629,0.561213254928589,0.490863561630249,120,4.44000005722046,0.625130832195282,Southern Asia,1.25997638702393,0.0736539661884308,2017
426,Armenia,0.900596737861633,0.198303267359734,0.0834880918264389,121,4.37599992752075,0.637524425983429,Central and Eastern Europe,1.00748372077942,0.0266744215041399,2017
427,India,0.792221248149872,0.469987004995346,0.231538489460945,122,4.31500005722046,0.455427616834641,Southern Asia,0.754372596740723,0.0922268852591515,2017
428,Mauritania,0.648457288742065,0.0960980430245399,0.201870024204254,123,4.29199981689453,0.285349279642105,Sub-Saharan Africa,1.2720308303833,0.136957004666328,2017
429,Congo,0.808964252471924,0.435025870800018,0.120852127671242,124,4.29099988937378,0.28995743393898,Sub-Saharan Africa,0.832044363021851,0.0796181336045265,2017
430,Georgia,0.950612664222717,0.309410035610199,0.0540088154375553,125,4.28599977493286,0.649546980857849,Central and Eastern Europe,0.57061493396759,0.251666635274887,2017
431,RD Congo,0.0921023488044739,0.235961347818375,0.246455833315849,126,4.28000020980835,0.191407024860382,Sub-Saharan Africa,1.22902345657349,0.0602413564920425,2017
432,Mali,0.476180493831635,0.306613743305206,0.183354198932648,127,4.19000005722046,0.169365674257278,Sub-Saharan Africa,1.28147339820862,0.104970246553421,2017
433,Ivory Coast,0.603048920631409,0.447706192731857,0.201237469911575,128,4.17999982833862,0.0486421696841717,Sub-Saharan Africa,0.904780030250549,0.130061775445938,2017
434,Cambodia,0.601765096187592,0.633375823497772,0.385922968387604,129,4.16800022125244,0.429783403873444,Southeastern Asia,1.00623834133148,0.0681059509515762,2017
435,Sudan,0.65951669216156,0.0149958552792668,0.182317450642586,130,4.13899993896484,0.290920823812485,Sub-Saharan Africa,1.21400856971741,0.089847519993782,2017
436,Ghana,0.667224824428558,0.423026293516159,0.256923943758011,131,4.11999988555908,0.295637726783752,Sub-Saharan Africa,0.873664736747742,0.0253363698720932,2017
437,Ukraine,0.89465194940567,0.122974775731564,0.270061463117599,132,4.09600019454956,0.575903952121735,Central and Eastern Europe,1.39453756809235,0.0230294708162546,2017
438,Uganda,0.381430715322495,0.443185955286026,0.325766056776047,133,4.08099985122681,0.217632606625557,Sub-Saharan Africa,1.12982773780823,0.057069718837738,2017
439,Burkina Faso,0.3502277135849,0.324367851018906,0.250864684581757,134,4.03200006484985,0.215844258666039,Sub-Saharan Africa,1.04328000545502,0.120328105986118,2017
440,Niger,0.161925330758095,0.36365869641304,0.228673845529556,135,4.02799987792969,0.26850500702858,Sub-Saharan Africa,0.993025004863739,0.138572946190834,2017
441,Malawi,0.233442038297653,0.466914653778076,0.287170469760895,136,3.97000002861023,0.315089583396912,Sub-Saharan Africa,0.512568831443787,0.0727116540074348,2017
442,Chad,0.438012987375259,0.16234202682972,0.216113850474358,137,3.93600010871887,0.0411347150802612,Sub-Saharan Africa,0.953855872154236,0.0535818822681904,2017
443,Zimbabwe,0.375846534967422,0.336384207010269,0.189143493771553,138,3.875,0.196763753890991,Sub-Saharan Africa,1.08309590816498,0.0953753814101219,2017
444,Lesotho,0.521021246910095,0.390661299228668,0.157497271895409,139,3.80800008773804,0.0,Sub-Saharan Africa,1.19009518623352,0.119094640016556,2017
445,Angola,0.858428180217743,0.0,0.097926490008831,140,3.79500007629395,0.0498686656355858,Sub-Saharan Africa,1.10441195964813,0.0697203353047371,2017
446,Afghanistan,0.401477217674255,0.106179520487785,0.311870932579041,141,3.79399991035461,0.180746778845787,Southern Asia,0.581543326377869,0.0611578300595284,2017
447,Botswana,1.12209415435791,0.505196332931519,0.0993484482169151,142,3.76600003242493,0.341755509376526,Sub-Saharan Africa,1.22155499458313,0.0985831990838051,2017
448,Benin,0.431085407733917,0.425962775945663,0.207948461174965,143,3.65700006484985,0.209930211305618,Sub-Saharan Africa,0.435299843549728,0.0609290152788162,2017
449,Madagascar,0.305808693170547,0.189196765422821,0.208732530474663,144,3.64400005340576,0.375223308801651,Sub-Saharan Africa,0.913020372390747,0.0672319754958153,2017
450,Haiti,0.368610262870789,0.0303698573261499,0.489203780889511,145,3.6029999256134,0.277321130037308,Latin America and Caribbean,0.640449821949005,0.0998721495270729,2017
451,Yemen,0.591683447360992,0.249463722109795,0.104125209152699,146,3.59299993515015,0.310080915689468,Middle East and Northern Africa,0.93538224697113,0.0567674227058887,2017
452,Liberia,0.119041793048382,0.332881182432175,0.26654988527298,148,3.53299999237061,0.229918196797371,Sub-Saharan Africa,0.872117936611176,0.0389482490718365,2017
453,Guinea,0.244549930095673,0.348587512969971,0.264815092086792,149,3.50699996948242,0.194129139184952,Sub-Saharan Africa,0.791244685649872,0.110937617719173,2017
454,Togo,0.305444717407227,0.38042613863945,0.196896150708199,150,3.49499988555908,0.247105568647385,Sub-Saharan Africa,0.431882530450821,0.0956650152802467,2017
455,Rwanda,0.368745893239975,0.581843852996826,0.252756029367447,151,3.47099995613098,0.326424807310104,Sub-Saharan Africa,0.945707023143768,0.455220013856888,2017
456,Syria,0.777153134346008,0.0815394446253777,0.493663728237152,152,3.46199989318848,0.50053334236145,Middle East and Northern Africa,0.396102607250214,0.151347130537033,2017
457,Tanzania,0.511135876178741,0.390017777681351,0.354256361722946,153,3.34899997711182,0.364509284496307,Sub-Saharan Africa,1.04198980331421,0.0660351067781448,2017
458,Burundi,0.091622568666935,0.0599007532000542,0.204435184597969,154,2.90499997138977,0.151610791683197,Sub-Saharan Africa,0.629793584346771,0.0841479450464249,2017
459,Central African Republic,0.0,0.270842045545578,0.280876487493515,155,2.69300007820129,0.0187726859003305,Sub-Saharan Africa,0.0,0.0565650761127472,2017
460,Finland,1.305,0.681,0.202,1,7.632,0.874,Western Europe,1.592,0.393,2018
461,Norway,1.456,0.686,0.286,2,7.594,0.861,Western Europe,1.582,0.34,2018
462,Denmark,1.351,0.683,0.284,3,7.555,0.868,Western Europe,1.59,0.408,2018
463,Iceland,1.343,0.677,0.353,4,7.495,0.914,Western Europe,1.644,0.138,2018
464,Switzerland,1.42,0.66,0.256,5,7.487,0.927,Western Europe,1.549,0.357,2018
465,Netherlands,1.361,0.638,0.333,6,7.441,0.878,Western Europe,1.488,0.295,2018
466,Canada,1.33,0.653,0.321,7,7.328,0.896,North America,1.532,0.291,2018
467,New Zealand,1.268,0.669,0.365,8,7.324,0.876,Australia and New Zealand,1.601,0.389,2018
468,Sweden,1.355,0.659,0.285,9,7.314,0.913,Western Europe,1.501,0.383,2018
469,Australia,1.34,0.647,0.361,10,7.272,0.91,Australia and New Zealand,1.573,0.302,2018
470,United Kingdom,1.244,0.464,0.262,11,7.19,0.888,Western Europe,1.433,0.082,2018
471,Austria,1.341,0.617,0.242,12,7.139,0.891,Western Europe,1.504,0.224,2018
472,Costa Rica,1.01,0.632,0.143,13,7.072,0.817,Latin America and Caribbean,1.459,0.101,2018
473,Ireland,1.448,0.614,0.307,14,6.977,0.876,Western Europe,1.583,0.306,2018
474,Germany,1.34,0.586,0.273,15,6.965,0.861,Western Europe,1.474,0.28,2018
475,Belgium,1.324,0.583,0.188,16,6.927,0.894,Western Europe,1.483,0.24,2018
476,Luxembourg,1.576,0.632,0.196,17,6.91,0.896,Western Europe,1.52,0.321,2018
477,United States,1.398,0.547,0.291,18,6.886,0.819,North America,1.471,0.133,2018
478,Israel,1.301,0.533,0.354,19,6.814,0.883,Middle East and Northern Africa,1.559,0.272,2018
479,United Arab Emirates,2.096,0.284,0.186,20,6.774,0.67,Middle East and Northern Africa,0.776,0.3119823909258842,2018
480,Czech Republic,1.233,0.543,0.064,21,6.711,0.854,Central and Eastern Europe,1.489,0.034,2018
481,Malta,1.27,0.645,0.376,22,6.627,0.884,Western Europe,1.525,0.142,2018
482,France,1.293,0.52,0.098,23,6.489,0.908,Western Europe,1.466,0.176,2018
483,Mexico,1.038,0.479,0.069,24,6.488,0.761,Latin America and Caribbean,1.252,0.095,2018
484,Chile,1.131,0.431,0.197,25,6.476,0.808,Latin America and Caribbean,1.331,0.061,2018
485,Taiwan,1.365,0.418,0.151,26,6.441,0.857,Eastern Asia,1.436,0.078,2018
486,Panama,1.112,0.597,0.125,27,6.43,0.759,Latin America and Caribbean,1.438,0.063,2018
487,Brazil,0.986,0.493,0.11,28,6.419,0.675,Latin America and Caribbean,1.474,0.088,2018
488,Argentina,1.073,0.57,0.062,29,6.388,0.744,Latin America and Caribbean,1.468,0.054,2018
489,Guatemala,0.781,0.604,0.179,30,6.382,0.608,Latin America and Caribbean,1.268,0.071,2018
490,Uruguay,1.093,0.625,0.13,31,6.379,0.771,Latin America and Caribbean,1.459,0.155,2018
491,Qatar,1.649,0.654,0.256,32,6.374,0.748,Middle East and Northern Africa,1.303,0.171,2018
492,Saudi Arabia,1.379,0.509,0.098,33,6.371,0.633,Middle East and Northern Africa,1.331,0.127,2018
493,Singapore,1.529,0.631,0.261,34,6.343,1.008,Southeastern Asia,1.451,0.457,2018
494,Malaysia,1.161,0.356,0.311,35,6.322,0.669,Southeastern Asia,1.258,0.059,2018
495,Spain,1.251,0.449,0.142,36,6.31,0.965,Western Europe,1.538,0.074,2018
496,Colombia,0.96,0.531,0.099,37,6.26,0.635,Latin America and Caribbean,1.439,0.039,2018
497,Slovakia,1.21,0.354,0.118,39,6.173,0.776,Central and Eastern Europe,1.537,0.014,2018
498,El Salvador,0.806,0.461,0.065,40,6.167,0.639,Latin America and Caribbean,1.231,0.082,2018
499,Nicaragua,0.668,0.527,0.208,41,6.141,0.7,Latin America and Caribbean,1.319,0.128,2018
500,Poland,1.176,0.546,0.108,42,6.123,0.781,Central and Eastern Europe,1.448,0.064,2018
501,Bahrain,1.338,0.594,0.243,43,6.105,0.698,Middle East and Northern Africa,1.366,0.123,2018
502,Uzbekistan,0.719,0.724,0.328,44,6.096,0.605,Central and Eastern Europe,1.584,0.259,2018
503,Kuwait,1.474,0.554,0.167,45,6.083,0.675,Middle East and Northern Africa,1.301,0.106,2018
504,Thailand,1.016,0.637,0.364,46,6.072,0.707,Southeastern Asia,1.417,0.029,2018
505,Italy,1.264,0.281,0.137,47,6.0,0.946,Western Europe,1.501,0.028,2018
506,Ecuador,0.889,0.556,0.114,48,5.973,0.736,Latin America and Caribbean,1.33,0.12,2018
507,Lithuania,1.197,0.35,0.026,50,5.952,0.716,Central and Eastern Europe,1.527,0.006,2018
508,Slovenia,1.219,0.633,0.16,51,5.948,0.856,Central and Eastern Europe,1.506,0.051,2018
509,Romania,1.116,0.528,0.088,52,5.945,0.726,Central and Eastern Europe,1.219,0.001,2018
510,Latvia,1.148,0.363,0.092,53,5.933,0.671,Central and Eastern Europe,1.454,0.066,2018
511,Japan,1.294,0.553,0.079,54,5.915,0.988,Eastern Asia,1.462,0.15,2018
512,Mauritius,1.09,0.584,0.245,55,5.891,0.684,Sub-Saharan Africa,1.387,0.05,2018
513,Jamaica,0.819,0.575,0.096,56,5.89,0.693,Latin America and Caribbean,1.493,0.031,2018
514,South Korea,1.266,0.244,0.175,57,5.875,0.955,Eastern Asia,1.204,0.051,2018
515,Russia,1.151,0.399,0.065,59,5.81,0.599,Central and Eastern Europe,1.479,0.025,2018
516,Kazakhstan,1.143,0.454,0.148,60,5.79,0.631,Central and Eastern Europe,1.516,0.121,2018
517,Cyprus,1.229,0.423,0.202,61,5.762,0.909,Western Europe,1.191,0.035,2018
518,Bolivia,0.751,0.606,0.141,62,5.752,0.508,Latin America and Caribbean,1.223,0.054,2018
519,Estonia,1.2,0.553,0.086,63,5.739,0.737,Central and Eastern Europe,1.532,0.174,2018
520,Paraguay,0.835,0.541,0.162,64,5.681,0.615,Latin America and Caribbean,1.522,0.074,2018
521,Peru,0.934,0.53,0.092,65,5.663,0.674,Latin America and Caribbean,1.249,0.034,2018
522,Kosovo,0.855,0.448,0.274,66,5.662,0.578,Central and Eastern Europe,1.23,0.023,2018
523,Moldova,0.657,0.232,0.171,67,5.64,0.62,Central and Eastern Europe,1.301,0.0,2018
524,Turkmenistan,1.016,0.417,0.199,68,5.636,0.517,Central and Eastern Europe,1.533,0.037,2018
525,Hungary,1.171,0.259,0.061,69,5.62,0.732,Central and Eastern Europe,1.401,0.022,2018
526,Libya,0.985,0.496,0.116,70,5.566,0.553,Middle East and Northern Africa,1.35,0.148,2018
527,Philippines,0.775,0.643,0.12,71,5.524,0.513,Southeastern Asia,1.312,0.105,2018
528,Honduras,0.62,0.459,0.197,72,5.504,0.622,Latin America and Caribbean,1.205,0.074,2018
529,Belarus,1.039,0.307,0.101,73,5.483,0.7,Central and Eastern Europe,1.498,0.154,2018
530,Turkey,1.148,0.324,0.106,74,5.483,0.686,Middle East and Northern Africa,1.38,0.109,2018
531,Pakistan,0.652,0.334,0.216,75,5.472,0.424,Southern Asia,0.81,0.113,2018
532,Hong Kong,1.405,0.524,0.246,76,5.43,1.03,Eastern Asia,1.29,0.291,2018
533,Portugal,1.188,0.562,0.055,77,5.41,0.884,Western Europe,1.429,0.017,2018
534,Serbia,0.975,0.288,0.134,78,5.398,0.685,Central and Eastern Europe,1.369,0.043,2018
535,Greece,1.154,0.131,0.0,79,5.358,0.879,Western Europe,1.202,0.044,2018
536,Lebanon,0.965,0.503,0.214,80,5.358,0.785,Middle East and Northern Africa,1.179,0.136,2018
537,Montenegro,1.017,0.259,0.111,81,5.347,0.729,Central and Eastern Europe,1.279,0.081,2018
538,Croatia,1.115,0.38,0.12,82,5.321,0.737,Central and Eastern Europe,1.161,0.039,2018
539,Dominican Republic,0.982,0.578,0.12,83,5.302,0.614,Latin America and Caribbean,1.441,0.106,2018
540,Algeria,0.979,0.077,0.055,84,5.295,0.687,Middle East and Northern Africa,1.154,0.135,2018
541,Morocco,0.779,0.46,0.026,85,5.254,0.669,Middle East and Northern Africa,0.797,0.074,2018
542,China,0.989,0.597,0.029,86,5.246,0.799,Eastern Asia,1.142,0.103,2018
543,Azerbaijan,1.024,0.43,0.031,87,5.201,0.603,Central and Eastern Europe,1.161,0.176,2018
544,Tajikistan,0.474,0.292,0.187,88,5.199,0.598,Central and Eastern Europe,1.166,0.034,2018
545,North Macedonia,0.959,0.394,0.173,89,5.185,0.691,Central and Eastern Europe,1.239,0.052,2018
546,Jordan,0.822,0.468,0.13,90,5.161,0.645,Middle East and Northern Africa,1.265,0.134,2018
547,Nigeria,0.689,0.462,0.201,91,5.155,0.048,Sub-Saharan Africa,1.172,0.032,2018
548,Kyrgyzstan,0.53,0.54,0.281,92,5.131,0.594,Central and Eastern Europe,1.416,0.035,2018
549,Bosnia and Herzegovina,0.915,0.28,0.216,93,5.129,0.758,Central and Eastern Europe,1.078,0.0,2018
550,Mongolia,0.914,0.395,0.253,94,5.125,0.575,Eastern Asia,1.517,0.032,2018
551,Vietnam,0.715,0.618,0.177,95,5.103,0.702,Southeastern Asia,1.365,0.079,2018
552,Indonesia,0.899,0.538,0.484,96,5.093,0.522,Southeastern Asia,1.215,0.018,2018
553,Bhutan,0.796,0.541,0.364,97,5.082,0.527,Southern Asia,1.335,0.171,2018
554,Cameroon,0.535,0.454,0.183,99,4.975,0.182,Sub-Saharan Africa,0.891,0.043,2018
555,Bulgaria,1.054,0.359,0.064,100,4.933,0.712,Central and Eastern Europe,1.515,0.009,2018
556,Nepal,0.425,0.526,0.302,101,4.88,0.539,Southern Asia,1.228,0.078,2018
557,Venezuela,0.996,0.133,0.056,102,4.806,0.657,Latin America and Caribbean,1.469,0.052,2018
558,Gabon,1.036,0.356,0.032,103,4.758,0.404,Sub-Saharan Africa,1.164,0.052,2018
559,Palestinian Territories,0.642,0.266,0.086,104,4.743,0.602,Middle East and Northern Africa,1.217,0.076,2018
560,South Africa,0.94,0.516,0.103,105,4.724,0.33,Sub-Saharan Africa,1.41,0.056,2018
561,Iran,1.059,0.459,0.282,106,4.707,0.691,Middle East and Northern Africa,0.771,0.129,2018
562,Ivory Coast,0.541,0.467,0.146,107,4.671,0.08,Sub-Saharan Africa,0.872,0.103,2018
563,Ghana,0.592,0.499,0.212,108,4.657,0.337,Sub-Saharan Africa,0.896,0.029,2018
564,Senegal,0.429,0.406,0.138,109,4.631,0.433,Sub-Saharan Africa,1.117,0.082,2018
565,Laos,0.72,0.626,0.23,110,4.623,0.441,Southeastern Asia,1.034,0.174,2018
566,Tunisia,0.9,0.271,0.04,111,4.592,0.69,Middle East and Northern Africa,0.906,0.063,2018
567,Albania,0.916,0.419,0.149,112,4.586,0.79,Central and Eastern Europe,0.817,0.032,2018
568,Sierra Leone,0.256,0.355,0.238,113,4.571,0.0,Sub-Saharan Africa,0.813,0.053,2018
569,Congo,0.682,0.514,0.091,114,4.559,0.343,Sub-Saharan Africa,0.811,0.077,2018
570,Bangladesh,0.532,0.58,0.153,115,4.5,0.579,Southern Asia,0.85,0.144,2018
571,Sri Lanka,0.918,0.585,0.307,116,4.471,0.672,Southern Asia,1.314,0.05,2018
572,Iraq,1.01,0.304,0.148,117,4.456,0.536,Middle East and Northern Africa,0.971,0.095,2018
573,Mali,0.37,0.367,0.139,118,4.447,0.152,Sub-Saharan Africa,1.233,0.056,2018
574,Cambodia,0.549,0.696,0.256,120,4.433,0.457,Southeastern Asia,1.088,0.065,2018
575,Burkina Faso,0.314,0.312,0.175,121,4.424,0.254,Sub-Saharan Africa,1.097,0.128,2018
576,Egypt,0.885,0.312,0.092,122,4.419,0.553,Middle East and Northern Africa,1.025,0.107,2018
577,Mozambique,0.198,0.531,0.206,123,4.417,0.173,Sub-Saharan Africa,0.902,0.158,2018
578,Kenya,0.493,0.504,0.352,124,4.41,0.454,Sub-Saharan Africa,1.048,0.055,2018
579,Zambia,0.562,0.503,0.221,125,4.377,0.295,Sub-Saharan Africa,1.047,0.082,2018
580,Mauritania,0.557,0.129,0.134,126,4.356,0.292,Sub-Saharan Africa,1.245,0.093,2018
581,Ethiopia,0.308,0.452,0.22,127,4.35,0.391,Sub-Saharan Africa,0.95,0.146,2018
582,Georgia,0.853,0.375,0.038,128,4.34,0.643,Central and Eastern Europe,0.592,0.215,2018
583,Armenia,0.816,0.26,0.077,129,4.321,0.666,Central and Eastern Europe,0.99,0.028,2018
584,Myanmar,0.682,0.58,0.598,130,4.308,0.429,Southeastern Asia,1.174,0.178,2018
585,Chad,0.358,0.189,0.181,131,4.301,0.053,Sub-Saharan Africa,0.907,0.06,2018
586,RD Congo,0.069,0.312,0.197,132,4.245,0.204,Sub-Saharan Africa,1.136,0.052,2018
587,India,0.721,0.539,0.172,133,4.19,0.485,Southern Asia,0.747,0.093,2018
588,Niger,0.131,0.39,0.175,134,4.166,0.221,Sub-Saharan Africa,0.867,0.099,2018
589,Uganda,0.322,0.45,0.259,135,4.161,0.237,Sub-Saharan Africa,1.09,0.061,2018
590,Benin,0.378,0.44,0.163,136,4.141,0.24,Sub-Saharan Africa,0.372,0.067,2018
591,Sudan,0.605,0.016,0.134,137,4.139,0.312,Sub-Saharan Africa,1.24,0.082,2018
592,Ukraine,0.793,0.163,0.187,138,4.103,0.609,Central and Eastern Europe,1.413,0.011,2018
593,Togo,0.259,0.434,0.158,139,3.999,0.253,Sub-Saharan Africa,0.474,0.101,2018
594,Guinea,0.344,0.394,0.185,140,3.964,0.211,Sub-Saharan Africa,0.792,0.094,2018
595,Lesotho,0.472,0.423,0.116,141,3.808,0.079,Sub-Saharan Africa,1.215,0.112,2018
596,Angola,0.73,0.0,0.079,142,3.795,0.269,Sub-Saharan Africa,1.125,0.061,2018
597,Madagascar,0.262,0.221,0.155,143,3.774,0.402,Sub-Saharan Africa,0.908,0.049,2018
598,Zimbabwe,0.357,0.406,0.132,144,3.692,0.248,Sub-Saharan Africa,1.094,0.099,2018
599,Afghanistan,0.332,0.085,0.191,145,3.632,0.255,Southern Asia,0.537,0.036,2018
600,Botswana,1.017,0.557,0.042,146,3.59,0.417,Sub-Saharan Africa,1.174,0.092,2018
601,Malawi,0.186,0.531,0.21,147,3.587,0.306,Sub-Saharan Africa,0.541,0.08,2018
602,Haiti,0.315,0.025,0.392,148,3.582,0.289,Latin America and Caribbean,0.714,0.104,2018
603,Liberia,0.076,0.419,0.206,149,3.495,0.267,Sub-Saharan Africa,0.858,0.03,2018
604,Syria,0.689,0.088,0.376,150,3.462,0.539,Middle East and Northern Africa,0.382,0.144,2018
605,Rwanda,0.332,0.636,0.2,151,3.408,0.4,Sub-Saharan Africa,0.896,0.444,2018
606,Yemen,0.442,0.244,0.083,152,3.355,0.343,Middle East and Northern Africa,1.073,0.064,2018
607,Tanzania,0.455,0.481,0.27,153,3.303,0.381,Sub-Saharan Africa,0.991,0.097,2018
608,Central African Republic,0.024,0.305,0.218,155,3.083,0.01,Sub-Saharan Africa,0.0,0.038,2018
609,Burundi,0.091,0.065,0.149,156,2.905,0.145,Sub-Saharan Africa,0.627,0.076,2018
610,Finland,1.34,0.596,0.153,1,7.769,0.986,Western Europe,1.587,0.393,2019
611,Denmark,1.383,0.592,0.252,2,7.6,0.996,Western Europe,1.573,0.41,2019
612,Norway,1.488,0.603,0.271,3,7.554,1.028,Western Europe,1.582,0.341,2019
613,Iceland,1.38,0.591,0.354,4,7.494,1.026,Western Europe,1.624,0.118,2019
614,Netherlands,1.396,0.557,0.322,5,7.488,0.999,Western Europe,1.522,0.298,2019
615,Switzerland,1.452,0.572,0.263,6,7.48,1.052,Western Europe,1.526,0.343,2019
616,Sweden,1.387,0.574,0.267,7,7.343,1.009,Western Europe,1.487,0.373,2019
617,New Zealand,1.303,0.585,0.33,8,7.307,1.026,Australia and New Zealand,1.557,0.38,2019
618,Canada,1.365,0.584,0.285,9,7.278,1.039,North America,1.505,0.308,2019
619,Austria,1.376,0.532,0.244,10,7.246,1.016,Western Europe,1.475,0.226,2019
620,Australia,1.372,0.557,0.332,11,7.228,1.036,Australia and New Zealand,1.548,0.29,2019
621,Costa Rica,1.034,0.558,0.144,12,7.167,0.963,Latin America and Caribbean,1.441,0.093,2019
622,Israel,1.276,0.371,0.261,13,7.139,1.029,Middle East and Northern Africa,1.455,0.082,2019
623,Luxembourg,1.609,0.526,0.194,14,7.09,1.012,Western Europe,1.479,0.316,2019
624,United Kingdom,1.333,0.45,0.348,15,7.054,0.996,Western Europe,1.538,0.278,2019
625,Ireland,1.499,0.516,0.298,16,7.021,0.999,Western Europe,1.553,0.31,2019
626,Germany,1.373,0.495,0.261,17,6.985,0.987,Western Europe,1.454,0.265,2019
627,Belgium,1.356,0.473,0.16,18,6.923,0.986,Western Europe,1.504,0.21,2019
628,United States,1.433,0.454,0.28,19,6.892,0.874,North America,1.457,0.128,2019
629,Czech Republic,1.269,0.457,0.046,20,6.852,0.92,Central and Eastern Europe,1.487,0.036,2019
630,United Arab Emirates,1.503,0.598,0.262,21,6.825,0.825,Middle East and Northern Africa,1.31,0.182,2019
631,Malta,1.3,0.564,0.375,22,6.726,0.999,Western Europe,1.52,0.151,2019
632,Mexico,1.07,0.433,0.074,23,6.595,0.861,Latin America and Caribbean,1.323,0.073,2019
633,France,1.324,0.436,0.111,24,6.592,1.045,Western Europe,1.472,0.183,2019
634,Taiwan,1.368,0.351,0.242,25,6.446,0.914,Eastern Asia,1.43,0.097,2019
635,Chile,1.159,0.357,0.187,26,6.444,0.92,Latin America and Caribbean,1.369,0.056,2019
636,Guatemala,0.8,0.535,0.175,27,6.436,0.746,Latin America and Caribbean,1.269,0.078,2019
637,Saudi Arabia,1.403,0.439,0.08,28,6.375,0.795,Middle East and Northern Africa,1.357,0.132,2019
638,Qatar,1.684,0.555,0.22,29,6.374,0.871,Middle East and Northern Africa,1.313,0.167,2019
639,Spain,1.286,0.362,0.153,30,6.354,1.062,Western Europe,1.484,0.079,2019
640,Panama,1.149,0.516,0.109,31,6.321,0.91,Latin America and Caribbean,1.442,0.054,2019
641,Brazil,1.004,0.39,0.099,32,6.3,0.802,Latin America and Caribbean,1.439,0.086,2019
642,Uruguay,1.124,0.523,0.127,33,6.293,0.891,Latin America and Caribbean,1.465,0.15,2019
643,Singapore,1.572,0.556,0.271,34,6.262,1.141,Southeastern Asia,1.463,0.453,2019
644,El Salvador,0.794,0.43,0.093,35,6.253,0.789,Latin America and Caribbean,1.242,0.074,2019
645,Italy,1.294,0.231,0.158,36,6.223,1.039,Western Europe,1.488,0.03,2019
646,Bahrain,1.362,0.536,0.255,37,6.199,0.871,Middle East and Northern Africa,1.368,0.11,2019
647,Slovakia,1.246,0.334,0.121,38,6.198,0.881,Central and Eastern Europe,1.504,0.014,2019
648,Poland,1.206,0.483,0.117,40,6.182,0.884,Central and Eastern Europe,1.438,0.05,2019
649,Uzbekistan,0.745,0.631,0.322,41,6.174,0.756,Central and Eastern Europe,1.529,0.24,2019
650,Lithuania,1.238,0.291,0.043,42,6.149,0.818,Central and Eastern Europe,1.515,0.042,2019
651,Colombia,0.985,0.47,0.099,43,6.125,0.841,Latin America and Caribbean,1.41,0.034,2019
652,Slovenia,1.258,0.564,0.144,44,6.118,0.953,Central and Eastern Europe,1.523,0.057,2019
653,Nicaragua,0.694,0.435,0.2,45,6.105,0.835,Latin America and Caribbean,1.325,0.127,2019
654,Kosovo,0.882,0.489,0.262,46,6.1,0.758,Central and Eastern Europe,1.232,0.006,2019
655,Argentina,1.092,0.471,0.066,47,6.086,0.881,Latin America and Caribbean,1.432,0.05,2019
656,Romania,1.162,0.462,0.083,48,6.07,0.825,Central and Eastern Europe,1.232,0.005,2019
657,Cyprus,1.263,0.406,0.19,49,6.046,1.042,Western Europe,1.223,0.041,2019
658,Ecuador,0.912,0.498,0.126,50,6.028,0.868,Latin America and Caribbean,1.312,0.087,2019
659,Kuwait,1.5,0.493,0.142,51,6.021,0.808,Middle East and Northern Africa,1.319,0.097,2019
660,Thailand,1.05,0.557,0.359,52,6.008,0.828,Southeastern Asia,1.409,0.028,2019
661,Latvia,1.187,0.264,0.075,53,5.94,0.812,Central and Eastern Europe,1.465,0.064,2019
662,South Korea,1.301,0.159,0.175,54,5.895,1.036,Eastern Asia,1.219,0.056,2019
663,Estonia,1.237,0.495,0.103,55,5.893,0.874,Central and Eastern Europe,1.528,0.161,2019
664,Jamaica,0.831,0.49,0.107,56,5.89,0.831,Latin America and Caribbean,1.478,0.028,2019
665,Mauritius,1.12,0.498,0.215,57,5.888,0.798,Sub-Saharan Africa,1.402,0.06,2019
666,Japan,1.327,0.445,0.069,58,5.886,1.088,Eastern Asia,1.419,0.14,2019
667,Honduras,0.642,0.507,0.246,59,5.86,0.828,Latin America and Caribbean,1.236,0.078,2019
668,Kazakhstan,1.173,0.41,0.146,60,5.809,0.729,Central and Eastern Europe,1.508,0.096,2019
669,Bolivia,0.776,0.511,0.137,61,5.779,0.706,Latin America and Caribbean,1.209,0.064,2019
670,Hungary,1.201,0.199,0.081,62,5.758,0.828,Central and Eastern Europe,1.41,0.02,2019
671,Paraguay,0.855,0.514,0.184,63,5.743,0.777,Latin America and Caribbean,1.475,0.08,2019
672,Peru,0.96,0.455,0.083,65,5.697,0.854,Latin America and Caribbean,1.274,0.027,2019
673,Portugal,1.221,0.508,0.047,66,5.693,0.999,Western Europe,1.431,0.025,2019
674,Pakistan,0.677,0.313,0.22,67,5.653,0.535,Southern Asia,0.886,0.098,2019
675,Russia,1.183,0.334,0.082,68,5.648,0.726,Central and Eastern Europe,1.452,0.031,2019
676,Philippines,0.807,0.558,0.117,69,5.631,0.657,Southeastern Asia,1.293,0.107,2019
677,Serbia,1.004,0.282,0.137,70,5.603,0.854,Central and Eastern Europe,1.383,0.039,2019
678,Moldova,0.685,0.245,0.181,71,5.529,0.739,Central and Eastern Europe,1.328,0.0,2019
679,Libya,1.044,0.416,0.133,72,5.525,0.673,Middle East and Northern Africa,1.303,0.152,2019
680,Montenegro,1.051,0.197,0.142,73,5.523,0.871,Central and Eastern Europe,1.361,0.08,2019
681,Tajikistan,0.493,0.389,0.23,74,5.467,0.718,Central and Eastern Europe,1.098,0.144,2019
682,Croatia,1.155,0.296,0.119,75,5.432,0.914,Central and Eastern Europe,1.266,0.022,2019
683,Hong Kong,1.438,0.44,0.258,76,5.43,1.122,Eastern Asia,1.277,0.287,2019
684,Dominican Republic,1.015,0.497,0.113,77,5.425,0.779,Latin America and Caribbean,1.401,0.101,2019
685,Bosnia and Herzegovina,0.945,0.212,0.263,78,5.386,0.845,Central and Eastern Europe,1.212,0.006,2019
686,Turkey,1.183,0.195,0.083,79,5.373,0.808,Middle East and Northern Africa,1.36,0.106,2019
687,Malaysia,1.221,0.508,0.26,80,5.339,0.828,Southeastern Asia,1.171,0.024,2019
688,Belarus,1.067,0.235,0.094,81,5.323,0.789,Central and Eastern Europe,1.465,0.142,2019
689,Greece,1.181,0.067,0.0,82,5.287,0.999,Western Europe,1.156,0.034,2019
690,Mongolia,0.948,0.317,0.235,83,5.285,0.667,Eastern Asia,1.531,0.038,2019
691,Nigeria,0.696,0.426,0.215,85,5.265,0.245,Sub-Saharan Africa,1.111,0.041,2019
692,Kyrgyzstan,0.551,0.508,0.3,86,5.261,0.723,Central and Eastern Europe,1.438,0.023,2019
693,Turkmenistan,1.052,0.394,0.244,87,5.247,0.657,Central and Eastern Europe,1.538,0.028,2019
694,Algeria,1.002,0.086,0.073,88,5.211,0.785,Middle East and Northern Africa,1.16,0.114,2019
695,Morocco,0.801,0.418,0.036,89,5.208,0.782,Middle East and Northern Africa,0.782,0.076,2019
696,Azerbaijan,1.043,0.351,0.035,90,5.208,0.769,Central and Eastern Europe,1.147,0.182,2019
697,Lebanon,0.987,0.216,0.166,91,5.197,0.815,Middle East and Northern Africa,1.224,0.027,2019
698,Indonesia,0.931,0.491,0.498,92,5.192,0.66,Southeastern Asia,1.203,0.028,2019
699,China,1.029,0.521,0.058,93,5.191,0.893,Eastern Asia,1.125,0.1,2019
700,Vietnam,0.741,0.543,0.147,94,5.175,0.851,Southeastern Asia,1.346,0.073,2019
701,Bhutan,0.813,0.457,0.37,95,5.082,0.604,Southern Asia,1.321,0.167,2019
702,Cameroon,0.549,0.381,0.187,96,5.044,0.331,Sub-Saharan Africa,0.91,0.037,2019
703,Bulgaria,1.092,0.311,0.081,97,5.011,0.815,Central and Eastern Europe,1.513,0.004,2019
704,Ghana,0.611,0.381,0.245,98,4.996,0.486,Sub-Saharan Africa,0.868,0.04,2019
705,Ivory Coast,0.569,0.352,0.154,99,4.944,0.232,Sub-Saharan Africa,0.808,0.09,2019
706,Nepal,0.446,0.439,0.285,100,4.913,0.677,Southern Asia,1.226,0.089,2019
707,Jordan,0.837,0.383,0.11,101,4.906,0.815,Middle East and Northern Africa,1.225,0.13,2019
708,Benin,0.393,0.349,0.175,102,4.883,0.397,Sub-Saharan Africa,0.437,0.082,2019
709,Congo,0.673,0.372,0.105,103,4.812,0.508,Sub-Saharan Africa,0.799,0.093,2019
710,Gabon,1.057,0.295,0.043,104,4.799,0.571,Sub-Saharan Africa,1.183,0.055,2019
711,Laos,0.764,0.547,0.266,105,4.796,0.551,Southeastern Asia,1.03,0.164,2019
712,South Africa,0.96,0.389,0.13,106,4.722,0.469,Sub-Saharan Africa,1.351,0.055,2019
713,Albania,0.947,0.383,0.178,107,4.719,0.874,Central and Eastern Europe,0.848,0.027,2019
714,Venezuela,0.96,0.154,0.064,108,4.707,0.805,Latin America and Caribbean,1.427,0.047,2019
715,Cambodia,0.574,0.609,0.232,109,4.7,0.637,Southeastern Asia,1.122,0.062,2019
716,Palestinian Territories,0.657,0.225,0.103,110,4.696,0.672,Middle East and Northern Africa,1.247,0.066,2019
717,Senegal,0.45,0.292,0.153,111,4.681,0.571,Sub-Saharan Africa,1.134,0.072,2019
718,Niger,0.138,0.318,0.188,114,4.628,0.366,Sub-Saharan Africa,0.774,0.102,2019
719,Burkina Faso,0.331,0.255,0.177,115,4.587,0.38,Sub-Saharan Africa,1.056,0.113,2019
720,Armenia,0.85,0.283,0.095,116,4.559,0.815,Central and Eastern Europe,1.055,0.064,2019
721,Iran,1.1,0.305,0.27,117,4.548,0.785,Middle East and Northern Africa,0.842,0.125,2019
722,Guinea,0.38,0.332,0.207,118,4.534,0.375,Sub-Saharan Africa,0.829,0.086,2019
723,Georgia,0.886,0.346,0.043,119,4.519,0.752,Central and Eastern Europe,0.666,0.164,2019
724,Kenya,0.512,0.431,0.372,121,4.509,0.581,Sub-Saharan Africa,0.983,0.053,2019
725,Mauritania,0.57,0.066,0.106,122,4.49,0.489,Sub-Saharan Africa,1.167,0.088,2019
726,Mozambique,0.204,0.494,0.197,123,4.466,0.39,Sub-Saharan Africa,0.986,0.138,2019
727,Tunisia,0.921,0.167,0.059,124,4.461,0.815,Middle East and Northern Africa,1.0,0.055,2019
728,Bangladesh,0.562,0.527,0.166,125,4.456,0.723,Southern Asia,0.928,0.143,2019
729,Iraq,1.043,0.241,0.148,126,4.437,0.574,Middle East and Northern Africa,0.98,0.089,2019
730,RD Congo,0.094,0.269,0.212,127,4.418,0.357,Sub-Saharan Africa,1.125,0.053,2019
731,Mali,0.385,0.327,0.153,128,4.39,0.308,Sub-Saharan Africa,1.105,0.052,2019
732,Sierra Leone,0.268,0.309,0.252,129,4.374,0.242,Sub-Saharan Africa,0.841,0.045,2019
733,Sri Lanka,0.949,0.47,0.244,130,4.366,0.831,Southern Asia,1.265,0.047,2019
734,Myanmar,0.71,0.525,0.566,131,4.36,0.555,Southeastern Asia,1.181,0.172,2019
735,Chad,0.35,0.174,0.198,132,4.35,0.192,Sub-Saharan Africa,0.766,0.078,2019
736,Ukraine,0.82,0.178,0.187,133,4.332,0.739,Central and Eastern Europe,1.39,0.01,2019
737,Ethiopia,0.336,0.344,0.209,134,4.286,0.532,Sub-Saharan Africa,1.033,0.1,2019
738,Swaziland,0.811,0.313,0.074,135,4.212,0.0,Sub-Saharan Africa,1.149,0.135,2019
739,Uganda,0.332,0.356,0.252,136,4.189,0.443,Sub-Saharan Africa,1.069,0.06,2019
740,Egypt,0.913,0.241,0.076,137,4.166,0.644,Middle East and Northern Africa,1.039,0.067,2019
741,Zambia,0.578,0.431,0.247,138,4.107,0.426,Sub-Saharan Africa,1.058,0.087,2019
742,Togo,0.275,0.293,0.177,139,4.085,0.41,Sub-Saharan Africa,0.572,0.085,2019
743,India,0.755,0.498,0.2,140,4.015,0.588,Southern Asia,0.765,0.085,2019
744,Liberia,0.073,0.37,0.233,141,3.975,0.443,Sub-Saharan Africa,0.922,0.033,2019
745,Comoros,0.274,0.142,0.275,142,3.973,0.505,Sub-Saharan Africa,0.757,0.078,2019
746,Madagascar,0.274,0.148,0.169,143,3.933,0.555,Sub-Saharan Africa,0.916,0.041,2019
747,Lesotho,0.489,0.359,0.107,144,3.802,0.168,Sub-Saharan Africa,1.169,0.093,2019
748,Burundi,0.046,0.22,0.176,145,3.775,0.38,Sub-Saharan Africa,0.447,0.18,2019
749,Zimbabwe,0.366,0.361,0.151,146,3.663,0.433,Sub-Saharan Africa,1.114,0.089,2019
750,Haiti,0.323,0.026,0.419,147,3.597,0.449,Latin America and Caribbean,0.688,0.11,2019
751,Botswana,1.041,0.455,0.025,148,3.488,0.538,Sub-Saharan Africa,1.145,0.1,2019
752,Syria,0.619,0.013,0.331,149,3.462,0.44,Middle East and Northern Africa,0.378,0.141,2019
753,Malawi,0.191,0.443,0.218,150,3.41,0.495,Sub-Saharan Africa,0.56,0.089,2019
754,Yemen,0.287,0.143,0.108,151,3.38,0.463,Middle East and Northern Africa,1.163,0.077,2019
755,Rwanda,0.359,0.555,0.217,152,3.334,0.614,Sub-Saharan Africa,0.711,0.411,2019
756,Tanzania,0.476,0.417,0.276,153,3.231,0.499,Sub-Saharan Africa,0.885,0.147,2019
757,Afghanistan,0.35,0.0,0.158,154,3.203,0.361,Southern Asia,0.517,0.025,2019
758,Central African Republic,0.026,0.225,0.235,155,3.083,0.105,Sub-Saharan Africa,0.0,0.035,2019
